ID,NAME,VEH_TYPE_ID
16211,GTA,13665
16212,PREMIUM,13665
16213,TWIN SPARK,13665
16203,TWIN SPARK,13660
16204,GTA,13660
16217,STD,13669
16218,TI,13669
16219,TI TOP,13669
24465,JTS Q4,13669
16220,STD,13670
16221,STD,13671
16222,LAUNCH EDITION,13671
16214,STD,13666
16215,STD,13667
16210,STD,13664
25536,SUPER,25535
25537,STD,25535
16197,PREMIUM,13659
16198,EXCLUSIVE,13659
16199,DISTINCTIVE,13659
16200,QV,13659
16201,QV MID,13659
16202,QV+,13659
16205,STD,13661
16216,STD,13668
16206,STD,13662
16207,PROGRESSION,13662
16208,DISTINCTIVE,13662
16209,SPORT,13663
18597,FALCON,18204
24940,LUXURY,17822
25138,COMFORT,17822
27458,STD,20892
16177,VANTAGE VOLANTE,13649
16178,VANTAGE,13649
16179,VOLANTE,13650
16180,STD,13650
16194,STD,13657
16195,VOLANTE,13657
16196,STD,13658
16181,STD,13651
16187,STD,13654
16191,S,13656
16192,Q BESPOKE EDITION,13656
16193,STD,13656
16188,STD,13655
16189,S,13655
16190,VOLANTE,13655
16183,N420,13653
16184,S,13653
16185,STD,13653
16186,N430,13653
16182,STD,13652
23579,VOLANTE,13652
16286,ATTRACTION S-LINE,13684
16287,30 TFSI AMBITION,13684
16288,ATTRACTION,13684
16289,AMBITION S-LINE,13684
16290,40 TFSI AMBITION,13684
16291,AMBITION,13684
16310,AMBITTION 40 TFSI S-LINE,13691
16311,AMBITION 30 TFSI,13691
16312,30 TFSI,13691
16313,40 TFSI,13691
16314,S-Line,13691
16315,ATTRACTION 30 TFSI,13691
16316,AMBITION 30 TFSI S-LINE,13691
16317,AMBITION 40 TFSI,13691
16318,STD,13691
16319,ATTRACTION 30 TFSI S-LINE,13691
19968,35 TFSI,13691
16268,25 TFSI,13681
16269,50 TFSI S-LINE,13681
16270,STD,13681
16271,50 TFSI,13681
16272,35 TFSI,13681
16273,45 TFSI,13681
16274,45 TFSI S-LINE,13681
16275,25 TFSI S-LINE,13681
16276,S-Line,13681
19962,30 TFSI,13681
16293,STD,13686
16294,S-Line,13686
16295,35 TFSI S-LINE,13686
16296,45 TFSI S-LINE,13686
16297,35 TFSI,13686
16298,45 TFSI,13686
16299,50 TFSI S-LINE,13686
16300,50 TFSI,13686
16301,45 TFSI BLACK SPORT EDITION,13686
16251,50 TFSI,13679
16252,50 TFSI S-LINE,13679
16253,35 TFSI,13679
16254,S-Line,13679
16255,40 TFSI S-LINE,13679
16256,QUATTRO,13679
16257,35 TFSI S-LINE,13679
16258,AMBITION 35 TFSI,13679
16259,STD,13679
16260,Allroad,13679
16261,35 TFSI BUSINESS EDITION,13679
16262,35 FSI,13679
16263,35 FSI BUSINESS EDITION,13679
16264,35 FSI S-LINE,13679
16265,40 TFSI,13679
16266,FSI,13679
16304,35 FSI,13689
16305,STD,13689
16306,50 TFSI,13689
16307,S-LINE,13689
24533,40 TFSI,13689
16279,LWB,13683
16280,STD,13683
16281,LWB TOP,13683
16282,L 50 TFSI,13683
16283,L 60 TFSI HIGH SPEC,13683
16284,L 60 TFSI,13683
16285,L W12,13683
16327,35 TFSI,13694
16328,35 TFSI S-LINE,13694
16329,40 TFSI,13694
16330,S-LINE,13694
16331,40 TFSI S-LINE,13694
16332,STD,13694
16320,40 TFSI,13692
16321,45 TFSI S-LINE,13692
16322,S-Line,13692
16323,STD,13692
16324,40 TFSI S-LINE,13692
25159,45 TFSI,13692
16230,35 TFSI,13675
16231,S-Line,13675
16232,35 TFSI S-LINE,13675
16233,45 TFSI,13675
16234,40 TFSI,13675
16235,40 TFSI S-LINE,13675
16236,STD,13675
16237,45 TFSI S-LINE,13675
16238,45 TFSI S-LINE LUXURY,13675
25741,50 TFSI S-LINE,25740
25742,50 TFSI S-LINE LUXURY,25740
16248,V10 PLUS,13678
16249,FSI,13678
16250,GT,13678
24337,LOW SPEC,13678
16303,FSI,13688
16247,STD,13677
16292,STD,13685
16325,STD,13693
16326,TOP,13693
16267,STD,13680
23894,PERFORMANCE,13680
16224,S-Line,13673
16225,HIGH SPEC,13673
16226,STD,13673
16223,TOP,13672
16302,TOP,13687
23937,STD,13687
16227,TOP,13674
16228,S-Line,13674
16229,STD,13674
16277,TOP,13682
16278,STD,13682
16308,STD,13690
16309,TOP,13690
24356,PLUS,13690
16239,TURBO,13676
16240,45 TFSI,13676
16241,TURBO,13676
16242,45 TFSI S-LINE,13676
16243,S-Line,13676
16244,RS QUATTRO,13676
16245,STD,13676
16246,40 TFSI,13676
24332,CARBON,17993
24677,PLATINUM,17993
21212,STD,18338
24312,COMFORT,23458
23772,STD,23458
23751,FASHION,23552
23690,VKL,17935
23718,AVANTGARDE LWB,17935
25590,STD,25589
16338,RED LABEL R,13699
16339,RED LABEL T,13699
16337,STD,13698
24324,FIRST EDITION,23542
26610,STD,23542
25025,SIGN/ATURE,23542
16336,STD,13697
16340,GT SPEED,13700
16341,GT SUPERSPORT,13700
16342,GTC,13700
16343,FLYING SPUR SPEED,13700
16344,GT,13700
16345,FLYING SPUR,13700
16346,GT V8 MULLINER,13700
16347,MULLINER,13700
16348,GT V8 S,13700
16349,GT3-R,13700
16350,GT DIAMOND,13700
16334,W12,13696
16335,V8,13696
24476,PREMIER,18061
24814,PLATINUM,18061
23873,F-SPORT,18061
16333,STD,13695
24818,LONG WHEELBASE,13695
24993,SPEED,13695
25107,MAJESTIC,13695
16432,STD,13719
16429,STD,13717
16616,STD,13770
16617,URBAN LINE,13770
16618,SPORT LINE,13770
16565,SPORT LINE,13756
16566,STD,13756
24522,EXECUTIVE,13756
16536,STD,13754
16427,STD,13715
16614,STD,13769
16615,M,13769
16515,STD,13744
16607,STD,13763
16656,SPORTSLINE,13784
16657,M SPORTS,13784
16658,STD,13784
16608,STD,13764
16430,M SPORTS,13718
16431,STD,13718
25161,M,23568
16649,320i M SPORT,13783
16650,320I SPORT LINE,13783
16651,328i SPORT + LUXURY LINE,13783
16652,328i,13783
16653,320i SPORT + LUXURY LINE,13783
16654,320i,13783
16655,328i M SPORT,13783
16578,EXECUTIVE,13758
16579,EXCLUSIVE,13758
16580,LUXURY,13758
16581,STD,13758
16582,SPECIAL EDITION,13758
16401,STD,13709
16528,STD,13750
16529,HIGH SPEC,13750
21389,M SPORTS,13750
24948,SPECIAL EDITION,13750
16369,M SPORT PACK,13704
16370,STD,13704
16475,FULL OPTIONS M SPORT,13737
16476,M SPORTS,13737
16477,SPECIAL EDITION M SPORT,13737
16478,STD,13737
16479,FULL OPTIONS,13737
16480,SPECIAL EDITION,13737
24163,M SPORT EXCLUSIVE,13737
24241,EXECUTIVE,13737
24474,EXCLUSIVE,13737
16453,SPORT,13727
16454,STD,13727
16518,STD,13747
16519,M SPORT PACK,13747
16610,STD,13766
16611,M SPORTS,13766
16457,STD,13730
16508,SPECIAL EDITION,13742
16509,LUXURY,13742
16510,MODERN,13742
16511,SPORTS,13742
16512,FULL OPTIONS,13742
16513,FULL OPTIONS M SPORT,13742
16436,STD,13721
16351,STD,13701
16352,Executive,13701
16353,Exclusive,13701
23844,M SPORT EXCLUSIVE,13701
16437,STD,13722
16420,STD,13713
16520,SPORTS,13748
16521,M SPORT,13748
16522,STD,13748
16523,FULL OPTIONS,13748
16524,MODERN,13748
16525,SPECIAL EDITION,13748
16526,LUXURY,13748
16664,STD,13787
24731,M SPORT,13787
16461,SPORTS LINE,13732
16462,MIDDLE EAST EDITION,13732
16463,EXECUTIVE,13732
16464,MIDDLE EAST EDITION M SPORT,13732
16465,M SPORT,13732
25983,DUBAI EDITION,13732
16470,MODERN+SPORT+LUXURY M SPORT,13734
16471,MODERN+SPORT+LUXURY LINES,13734
16472,SPORTLINE,13734
27516,EXCLUSIVE,13734
24611,M SPORT,13734
16622,M SPORT,13773
16623,STD,13773
16624,EXECUTIVE,13773
16625,SPORTS LINE,13773
16626,MIDDLE EAST EDITION M SPORT,13773
16627,SPORT + LUXURY LINES,13773
16628,MIDDLE EAST EDITION,13773
16458,SPORT + LUXURY LINES,13731
16459,SPORT + LUXURY LINES M SPORT,13731
16460,STD,13731
23980,M SPORT,13731
21249,M SPORT,21248
16402,SPORT + LUXURY LINES,13710
16403,MIDDLE EAST EDITION,13710
16404,M Sport,13710
16405,MIDDLE EAST EDITION M SPORT,13710
16406,SPORTS LINE,13710
16407,LUXURY LINE,13710
16466,STD,13733
16467,SPORT + LUXURY LINES M SPORT,13733
16468,SPORT + LUXUEY LINES,13733
16469,INDIVIDUAL M SPORT,13733
23715,M SPORT,13733
25073,M SPORT,23521
16595,535i EXCLUSIVE,13760
16596,528i LUXURY LINE,13760
16597,535i LUXURY LINE,13760
16598,535i,13760
16599,535i EXECUTIVE,13760
16600,550i,13760
16601,528i,13760
16413,LUXURY M SPORT,13712
16414,EXECUTIVE,13712
16415,LUXURY,13712
16416,MIDDLE EAST EDITION,13712
16417,EXCLUSIVE,13712
16418,M SPORT,13712
16419,STD,13712
25150,SPORTS EXCLUSIVE,13712
24566,LUXURY,17820
16399,EXECUTIVE,13708
16400,EXCLUSIVE,13708
16517,STD,13746
16481,LUXURY M SPORT,13738
16482,LUXURY M SPORT + NIGHT VIS,13738
16483,LUXURY M SPORT + TV\/DVD,13738
16484,EXCLUSIVE,13738
16485,LUXURY + NIGHT VISION,13738
16486,LUXURY,13738
16487,EXECUTIVE,13738
16488,LUXURY + TV\/DVD,13738
24095,SPORTS EXECUTIVE,13738
24888,SPORTS,13738
25146,MIDDLE EAST EDITION,13738
16439,STD,13724
24086,M SPORT,13724
24707,LUXURY,13724
16514,LWB,13743
16421,SPORT LINE,13714
16422,LUXURY LINE,13714
16423,EXCLUSIVE,13714
16424,MODERN + LUXURY LINES,13714
16425,M SPORTS,13714
16426,MODERN + LUXURY M SPORT,13714
16639,STD,13779
24720,LUXURY,13779
24024,M SPORT,13779
16630,STD,13775
16633,INDIVIDUAL,13778
16634,M SPORT,13778
16635,LUXURY LINE,13778
16636,STD,13778
16637,EXCLUSIVE,13778
16638,EXECUTIVE,13778
16612,STD,13767
26312,GT M SPORT,13767
16647,STD,13781
16586,PRESTIGE,13759
16583,LUXURY M SPORT,13759
16584,EXCLUSIVE,13759
16585,PRESTIGE M SPORT,13759
16587,EXECUTIVE,13759
16588,LUXURY,13759
16589,INDIVIDUAL M SPORT,13759
16590,M SPORT EXCLUSIVE,13759
16591,M SPORTS,13759
16592,M SPORT EXECUTIVE,13759
16593,MIDDLE EAST EDITION M SPORT,13759
16594,MIDDLE EAST EDITION,13759
16609,STD,13765
16619,M SPORTS,13771
16620,STD,13771
16442,LUXURY M SPORT,13726
16443,M SPORT,13726
16444,PRESTIGE,13726
16445,INDIVIDUAL,13726
16446,MIDDLE EAST EDITION,13726
16447,PRESTIGE M SPORT,13726
16448,LUXURY,13726
16449,M SPORT Coupe Exclusive,13726
16450,MIDDLE EAST EDITION M SPORT,13726
16451,INDIVIDUAL M SPORT,13726
16452,STD,13726
16606,STD,13762
16613,STD,13768
16489,STD,13739
16490,EXCLUSIVE,13739
16491,LIMITED EDITION,13739
16492,M SPORT PACK,13739
16493,INDIVIDUAL,13739
16494,MIDDLE EAST EDITION,13739
16495,LUXURY,13739
16496,EXECUTIVE,13739
16428,STD,13716
16531,STD,13752
16455,STD,13728
16632,STD,13777
16567,EXCLUSIVE,13757
16568,UAE EDITION,13757
16569,LUXURY,13757
16570,STD,13757
16571,M SPORTS PACK,13757
16572,PRESTIGE,13757
16573,EXECUTIVE,13757
16574,EXCLUSIVE INNOVATION,13757
16575,LUXURY LASERLIGHTS,13757
16576,INDIVIDUAL PEARL,13757
16577,SPECIAL EDITION,13757
19966,CHAIRMAN EDITION,13757
19967,CHAIRMAN EDITION,13757
27607,MASTER CLASS EDITION,13757
16456,STD,13729
16621,STD,13772
16354,STD,13702
16371,M SPORTS PACK,13705
16372,EXCLUSIVE,13705
16373,MIDDLE EAST EDITION,13705
16374,UAE EDITION,13705
16375,EXECUTIVE,13705
16376,PRESTIGE,13705
16377,STD,13705
16378,XDRIVE INDIVIDUAL,13705
16379,SPECIAL EDITION,13705
16380,INDIVIDUAL,13705
16381,M EXECUTIVE,13705
16382,LUXURY,13705
18235,XDRIVE LUXURY,13705
27288,XDRIVE LUXURY PLUS,13705
23793,XDRIVE M SPORT,13705
16433,TURBO EDITION,13720
16434,INDIVIDUAL,13720
16435,STD,13720
16631,STD,13776
16474,STD,13736
16408,B6,13711
16409,B3,13711
16410,B5,13711
16411,B7,13711
16412,Z8 ROADSTER,13711
25950,STD,25851
16663,STD,13786
25229,R DESIGN,18174
25230,MOMENTUM,18174
16516,STD,13745
25617,STD,25616
16397,STD,13707
16398,EDITION,13707
16629,STD,13774
16602,STD,13761
16603,INDIVIDUAL COMPETITION PACK,13761
16604,COMPETITION PACK,13761
16605,INDIVIDUAL,13761
16438,STD,13723
16532,M (LOW),13753
16533,INDIVIDUAL,13753
16534,INDIVIDUAL + COMP PACK,13753
16535,M,13753
16640,XDRIVE 28i,13780
16641,XDRIVE 20i SPORTLINE,13780
16642,XDRIVE 20i M SPORT,13780
16643,XDRIVE 28i SPORTLINE,13780
16644,SDRIVE 18i SPORTLINE,13780
16645,SDRIVE 18i,13780
16646,XDRIVE 28i M SPORT,13780
24112,XDRIVE 25i SPORTLINE,13780
24119,SDRIVE 20i EXECUTIVE,13780
24266,XDRIVE 25i M SPORT,13780
24435,XDRIVE 18i SPORTLINE,13780
16497,XDRIVE 28I,13740
16498,XDRIVE 28i EXECUTIVE,13740
16499,SI,13740
16500,XDRIVE 28i EXCLUSIVE,13740
16501,XDRIVE 35i M SPORT,13740
16502,STD,13740
16503,XDRIVE 35i,13740
16504,M SPORT PACK,13740
16505,XDRIVE 28i M SPORT,13740
27292,XDRIVE 28i SPORT,13740
21228,XDRIVE 30i M SPORT,13740
16659,XDRIVE 28I,13785
16660,XDRIVE 35I,13785
16661,XDRIVE 28I M SPORT,13785
16662,XDRIVE 35I M SPORT,13785
25978,XDRIVE 30I M SPORT PACK,13785
21469,XDRIVE 28i ME EDITION,13785
23836,M40I,13785
16537,50i EXCLUSIVE,13755
16538,50i COMFORT,13755
16539,EXCLUSIVE,13755
16540,35i LIMITED EDITION,13755
16541,50I DESIGN PURE EXCELLENCE,13755
16542,50i DESIGN PURE,13755
16543,50i EXCLUSIVE SPORT,13755
16544,50i LUXURY,13755
16545,SPORT,13755
16546,35i EXCLUSIVE,13755
16547,M SPORTS PACKAGE,13755
16548,50i EXCLUSIVE M SPORT,13755
16549,35i DOMIN/ATOR,13755
16550,35i EXCLUSIVE M SPORT,13755
16551,STD,13755
16552,EXCLUSIVE INNOVATION,13755
16553,EXECUTIVE,13755
16554,35i EXECUTIVE,13755
16555,50i M SPORT,13755
16556,50i SPORT,13755
16557,50i,13755
16558,50i EXCLUSIVE 7ST,13755
16559,50i LUXURY M SPORT,13755
16560,35i MIDDLE EAST EDITION,13755
16561,50i MIDDLE EAST EDITION,13755
16562,35i EXPERIENCE,13755
16563,35i EXCLUSIVE 7ST,13755
16564,35i M SPORT,13755
27605,M SPORT LAUNCH EDITION,13755
16440,STD,13725
16441,INDIVIDUAL,13725
16355,50i M SPORT,13703
16356,35i PURE EXTRAVAGANCE,13703
16357,50i SPECIAL EDITION,13703
16358,35i EXECUTIVE 1,13703
16359,50i EXCLUSIVE INNOVATION,13703
16360,50i EXCLUSIVE,13703
16361,35i SPECIAL EDITION,13703
16362,35I EXCLUSIVE,13703
16363,50i,13703
16364,50i SPORT,13703
16365,50I M SPORT DYN/AMIC PLUS,13703
16366,35I EXCLUSIVE INNOVATION,13703
16367,35i EXECUTIVE 3,13703
16368,35i EXECUTIVE,13703
24869,35i DUBAI EDITION,13703
25026,50I LUXURY,13703
23978,50i ME EDITION,13703
16506,INDIVIDUAL,13741
16507,STD,13741
16527,ROADSTER,13749
16530,STD,13751
16383,SDRIVE 18i,13706
16384,sDrive 20i,13706
16385,sDrive 20i M SPORT,13706
16386,STD,13706
16387,30 Si,13706
16388,sDrive 30i M SPORTS PACK,13706
16389,sDrive 23i EXCLUSIVE,13706
16390,sDrive 23i EXECUTIVE,13706
16391,sDrive 30i EXECUTIVE,13706
16392,sDrive 30i EXCLUSIVE,13706
16393,sDrive 35is M SPORT,13706
16394,25 Si,13706
16395,sDrive 35i,13706
16396,sDrive 35is,13706
23783,SDRIVE 28i M SPORT,13706
16473,STD,13735
16648,STD,13782
24895,STYLE,18059
25115,AMBITION,18059
25248,STD,18353
25251,STD,25250
16164,DELUXE,14491
16165,COMFORT,14491
16104,STD,14459
16105,GRAND SPORT VITESSE,14459
21533,STD,18157
16666,STD,13789
24980,STD,13789
16667,STD,13790
16675,STD,13791
16665,STD,13788
16684,STD,13793
16685,PREMIUM,13793
24381,SR,13793
24552,PREMIUM PERFORMANCE,13793
24844,PREMIUM LUXURY,13793
24039,SR N/AVIGATION,13793
16704,STD,13801
16692,ELEGANCE,13796
16690,COMFORT,13796
16691,LUXURY,13796
16711,STD,13806
20712,PLATINUM,20711
20713,LUXURY,20711
16696,LUXURY,13799
16697,L,13799
16698,DI,13799
16699,STD,13799
16700,PERFORMANCE,13799
16701,BASE,13799
16702,DVD N/AVIGATION,13799
23834,PREMIUM LUXURY,13799
16706,STD,13803
24528,CHAMPIONSHIP EDITION,13803
16710,STD,13805
16703,BASE,13800
16676,EXT,13792
16677,SPORT EDITION,13792
16678,ESV PREMIUM,13792
16679,ESV,13792
16680,PREMIUM,13792
16681,ESV PLATINUM,13792
16682,PLATINUM,13792
16683,STD,13792
24281,ESV PREMIUM LUXURY,13792
16705,STD,13802
16687,LUXURY,13795
16688,BASE,13795
16689,STD,13795
16693,STD,13797
16694,LUXURY,13797
16695,STD,13798
16686,STD,13794
20734,STD,20733
25737,LUXURY,20733
25738,PREMIUM LUXURY,20733
25739,STD,20733
16707,PLATINUM,13804
16708,V SPORT,13804
16709,LUXURY,13804
20510,STD,13804
24846,640i LUXURY LINE,18080
24848,640i SPORT LINE,18080
25043,640i M SPORT,18080
23920,FIRST EDITION,18078
23668,ELITE,17918
23808,LUXURY,17918
24645,FASHION,17917
24048,ELITE,17917
24157,STD,17927
21209,STD,21208
24984,PERFORMANCE,18035
23859,LUXURY,18035
24069,TURBO ENJOY PLUS,17959
24439,TURBO INOVATION,17959
25177,STD,18036
24831,AMG,18038
24338,STD,18037
16764,COMFORT,13826
16765,LUXURY,13826
16767,COMFORT,13828
16768,LUXURY,13828
16769,STD,13829
16770,STD,13830
16771,STD,13831
16763,STD,13825
16766,STD,13827
16876,STD,13850
16824,LTZ WHITEDIAMOND,13839
16825,LT SATN/AV,13839
16826,LTZ SATN/AV,13839
16827,STD,13839
16828,LTZ,13839
16829,LT  Z71,13839
16845,STD,13842
16846,BASE,13842
16847,LS,13842
16848,LT,13842
16867,LS,13847
16868,LT,13847
16896,STD,13857
16917,STD,13861
16835,STD,13841
16836,ZL1,13841
16837,SS,13841
16838,LT2,13841
16839,LT S\/R,13841
16840,SS  S\/R,13841
16841,RS,13841
16842,ZL ,13841
16843,LT,13841
16844,LTZ,13841
24127,LT2 S/R N/AV,13841
25277,LT2 N/AV LTH,13841
25289,ZL1 CARBON FIBER,13841
23630,LT2 50TH ANNIVERSARY,13841
23749,LT N/AVIGATION,13841
24033,SS 50TH ANNIVERSARY,13841
16849,ROYALE,13843
16850,ROYALE  N/AV,13843
16851,STD,13843
16852,LTZ,13843
16853,LS,13843
16854,SS,13843
16779,LS,13836
16780,LTZ,13836
16781,LT,13836
16773,LS,13833
24801,STD,17883
16895,CREW\/CAB 4WD,13856
16897,Z51 COMPETITION SEATS,13858
16898,2LT APPEARANCE PACK,13858
16899,C5,13858
16900,3LT ZF1,13858
16901,GRAND SPORT,13858
16902,Z06,13858
16903,3LT,13858
16904,ZR1,13858
16905,CENTENIAL EDITION,13858
16906,Z07 CHROME,13858
16907,Z51,13858
16908,C6,13858
16909,2LT,13858
16910,Z07 CARBON FIBRE,13858
16911,Z07,13858
25272,GRAND SPORT Z15,13858
25282,Z07 65 EDITION,13858
16830,LT A\/W LTHR,13840
16831,LT,13840
16832,LT A\/W,13840
16833,LS,13840
16834,LS A\/W ABS,13840
16912,CR8,13859
16865,LS,13846
16866,LT,13846
21069,LT,21068
16918,STD,13862
16774,STD,13834
16775,LTZ,13834
16776,LS,13834
16777,LT,13834
25255,LTZ BLACK EDITION,13834
16913,LTZ,13860
16914,S,13860
16915,SS,13860
16916,LS,13860
16880,STD,13852
16881,LT1,13852
16882,LTZ LTH,13852
16883,LT2,13852
16884,LS,13852
16885,LTZ,13852
16886,LTZ CLOTH,13852
25256,LT1 LTH,13852
24128,LS AW,13852
24225,LTZ2 N/AV SFTY,13852
24662,LTZ2 N/AV LTH,13852
24040,LTZ N/AVIGATION,13852
16864,LS,13845
24149,PREMIER,17926
24516,RESERVE,17926
23788,SELECT,17926
16782,1500 REG\/CAB WORKTRUCK,13837
16783,1500 EXT\/CAB WORKTRUCK,13837
16784,1500 CREW\/CAB\/SUNR\/REVCAM,13837
16785,3500 CREW\/CAB HIGH COUNTRY,13837
16786,3500 CREW\/CAB,13837
16787,2500HD,13837
16788,1500 EXT\/CAB,13837
16789,3500 EXT\/CAB LONG BOX,13837
16790,2500 REG\/CAB LT Z71 LONG,13837
16791,1500 EXT\/CAB CLOTH,13837
16792,3500 EXT\/CAB,13837
16793,3500 CREW\/CAB LTZ LONG,13837
16794,1500 REG\/CAB,13837
16795,2500 REG\/CAB,13837
16796,1500 REG\/CAB LTZ LTH,13837
16797,2500 EXT\/CAB,13837
16798,1500 CREW\/CAB LT,13837
16799,1500 REG\/CAB LT,13837
16800,2500 CREW\/CAB,13837
16801,1500 CREW\/CAB CLOTH,13837
16802,1500 CREW\/CAB Z71 LTZ,13837
16803,1500 REG\/CAB LT Z71 CLOTH,13837
16804,2500HD EXT\/CAB LT1 Z71,13837
16805,2500 CREW\/CAB LT Z71,13837
16806,1500,13837
16807,3500 REG\/CAB,13837
16808,1500 EXT\/CAB LTZ LTH,13837
16809,1500 CREW\/CAB WORKTRUCK,13837
16810,1500 CREW\/CAB HIGH COUNTRY,13837
16811,2500 CREW\/CAB LT Z71 LONG,13837
16812,1500 CREW\/CAB,13837
25276,3500 CREW/CAB LT LONG BOX,13837
25284,1500 REG/CAB LT1 N/AV,13837
25287,1500 CREW/CAB LTZ,13837
24886,1500 REG/CAB BLACK EDITION,13837
24958,2500 REG/CAB LONGBOX LT,13837
23981,1500 CREWCAB LT2 Z71,13837
16872,LT,13849
16873,GLS,13849
16874,LS,13849
16875,BASE,13849
16869,BASE,13848
16870,GLS,13848
16871,LS,13848
25144,LT,13848
16894,STD,13855
16855,LT,13844
16856,WHITE DIAMOND,13844
16857,LS 2500,13844
16858,LT DVD N/AVIGATION,13844
16859,LTZ,13844
16860,LT Z71,13844
16861,Z71,13844
16862,LS,13844
16863,LTZ BASE,13844
25271,LT SR/N/AV/DVD/COOL BOX,13844
25278,LT CHROME PK SR/N/AV/DVD/CBX,13844
16813,Z71,13838
16814,Z71  LEATHER,13838
16815,LT DVD\/COOL BOX,13838
16816,LS,13838
16817,LT Z71,13838
16818,LTZ,13838
16819,LTZ S\/R DVD\/N/AV,13838
16820,LT1,13838
16821,LT,13838
16822,LT2,13838
16823,LTZ DVD\/COOL BOX\/HF T\/GATE,13838
25268,LT CHROME PACK SR/N/AV/DVD,13838
25269,LT MIDNIGHT ED SR/DVD/N/AV,13838
25275,LT MIDNIGHT EDITION LTH,13838
25281,LT N/AV/DVD/COOL BOX,13838
25285,LT CHROME PACK,13838
25045,LS Z71 APPREARANCE PK,13838
23941,LT Z71 APPEARANCE PK,13838
16877,LT,13851
16878,LTZ,13851
16879,LS,13851
25934,LT Z71,13851
16887,LS,13853
16888,LT2 N/AV,13853
16889,LT1,13853
16890,LT2,13853
16891,LTZ,13853
23798,LT3,13853
16892,LT,13854
16893,LTZ,13854
16778,LS,13835
16772,STD,13832
16719,LIMITED,13808
16720,LX,13808
16721,TOURING,13808
16726,SRT8,13813
16727,SRT8 VAPOR PLUS,13813
16728,LIMITED PLUS,13813
16729,PLUS 2,13813
16730,W\/O SR,13813
16731,STD,13813
16732,LIMITED STD ,13813
16733,STD 2,13813
16734,SRT8 DVD,13813
16735,EXECUTIVE,13813
16736,SRT8 PLUS,13813
16737,PLUS,13813
16738,SRT8 VAPOR,13813
16739,EXECUTIVE PLUS,13813
16722,STD,13809
16724,STD,13811
16725,LIMITED,13812
16712,LX,13807
16713,SE,13807
16714,LIMITED,13807
16715,SE SPECIAL EDITION,13807
16716,TOURING,13807
16717,LIMITED S\/R N/AVIGATION,13807
16718,LX LTH,13807
16723,STD,13810
24259,COMFORTABLE,17920
24345,LUXURIOUS,17920
23989,DISTINGUISHED,17920
16745,LIMITED,13815
16746,TOURING,13815
16740,STD,13814
16741,LE,13814
16742,LX,13814
16743,LIMITED,13814
16744,TOURING,13814
16758,EXCLUSIVE,13821
16748,CONFORT,13817
16749,DYN/AMIQUE,13817
16750,STD,13817
16751,CONFORT,13818
16752,EXCLUSIVE,13818
16761,STD,13823
16755,ATTRACTION,13820
16756,CONFORT,13820
16757,EXCLUSIVE,13820
16759,SO CHIC,13822
16760,ULTRA PRESTIGE,13822
16747,SO CHIC,13816
16753,SPORT CHIC,13819
16754,SO CHIC,13819
18638,VERYCA,18213
20426,STD,18213
16762,STD,13824
19115,STD,18618
20027,STD,18513
21149,STD,21148
25294,STD,18019
19496,STD,19304
23687,STD,23477
24663,SEL,18049
21252,STD,19053
16919,TOP,13863
23583,STD,18056
24434,STD,17942
16920,BASE,13864
16921,TOP,13864
16922,EL,13864
16923,STD,13864
16924,DX 4x2,13865
16925,SX,13865
16926,SVP,13865
16927,DX 4x4,13865
16928,STD,13866
16930,SE,13868
16931,SXT,13868
16994,SXT TOP,13877
16995,SXT,13877
16996,SRT4,13877
16997,SE,13877
16998,R\/T,13877
16972,SE,13872
16973,RALLYE,13872
16974,SE SPORT II,13872
16975,SE SPORT,13872
16976,R\/T,13872
16977,HELLCAT,13872
16978,SCAT PACK,13872
16979,RALLYE 100 ANNIVERSARY,13872
16980,SRT8,13872
16981,SXT,13872
16982,R\/T 100 ANNIVERSARY,13872
16983,SXT PLUS,13872
24208,R/T PLUS SHAKER,13872
24708,SXT SUPER TRACK,13872
24778,SXT BLACKLINE,13872
23622,HELLCAT WIDEBODY,13872
23755,SUPER TRACK S,13872
23756,HELLCAT PLUS,13872
24058,SRT8 HIGHLINE,13872
16953,SE,13871
16954,R\/T PREFORMANCE,13871
16955,RALLYE 100 ANNIVERSARY,13871
16956,R\/T PERF DVD,13871
16957,RALLYE PLUS STD,13871
16958,R\/T TOP,13871
16959,R\/T ROAD TRACK,13871
16960,SRT8 SUPER Bee,13871
16961,R\/T  TOP DVD,13871
16962,SRT8,13871
16963,SXT PLUS,13871
16964,R\/T DAYTON/A,13871
16965,R\/T,13871
16966,RALLYE  PLUS,13871
16967,SXT TOP SUN ROOF N/AV DVD,13871
16968,R\/T PLUS,13871
16969,SXT,13871
16970,SXT TOP,13871
16971,SE SPORT,13871
21471,R\/T HIGHLINE,13871
21288,DAYTON/A,13871
24185,SE PLUS,13871
24334,SRT8 HIGHLINE,13871
24405,HELLCAT,13871
24684,SRT8 SCATPACK,13871
23699,SXT BLACKLINE,13871
16929,STD,13867
16950,SXT,13870
16951,LIMITED,13870
16952,RALLYE,13870
24224,ELEGANCE,17922
24524,ADVANCE,17922
25072,FLAGSHIP,17922
16932,EXPRESS,13869
16933,SLT (28E CONV PACK),13869
16934,CREW MM,13869
16935,CREW,13869
16936,R\/T,13869
16937,R\/T MM,13869
16938,CITADEL PLUS,13869
16939,LIMITED BLACKTOP,13869
16940,EXPRESS PLUS,13869
16941,STD,13869
16942,LIMITED,13869
16943,SLT,13869
16944,SXT,13869
16945,CREWLUXE,13869
16946,CITADEL,13869
16947,SLT LTH,13869
16948,CITADEL w\/o N/AV,13869
16949,CREW PLUS,13869
24203,SXT HIGHLINE,13869
24315,GT,13869
24908,SXT PLUS,13869
23676,SXT EXCLUSIVE,13869
16989,STD,13874
16999,STD,13878
24169,SXT HIGHLINE,13878
24712,SE,13878
25116,SXT PLUS,13878
23578,SXT,13878
16984,SE,13873
16985,SXT,13873
16986,LIMITED,13873
16987,R\/T,13873
16988,ST,13873
16991,SRT 10,13876
16992,QUAD CAB,13876
16993,LARAMIE CREW CAB,13876
16990,SRT10,13875
24090,GTS,13875
24172,GTC,13875
24314,SRT,13875
23686,GT,13875
23959,ACR,13875
24925,75D,17976
25095,P100D,17976
23586,60D,17976
24047,90D,17976
24455,MOMENTUM,18089
25046,INSCRIPTION,18089
17025,GTS,13893
17002,F1 SCAGLIETTI,13881
17023,STD,13891
17000,STD,13879
17010,SPIDER,13887
17011,STD,13887
17012,SPECIALE,13887
17013,STD,13888
17014,HIGH SPEC,13888
17008,STD,13885
17001,STD,13880
17021,T,13890
17022,STD,13890
17006,BERLINETTA,13883
17015,F1,13889
17016,SPIDER 16M,13889
17017,SPYDER,13889
17018,STD,13889
17019,F1 SPYDER,13889
17020,SCUDERIA,13889
21289,SCUDERIA SPIDER 16M,13889
17024,STD,13892
17009,STD,13886
17003,F1 GTB,13882
17004,GTO,13882
17005,STD,13882
17007,STD,13884
25936,STD,25923
17031,LOUNGE LTH SR AW,13897
17032,SPORT GT,13897
17033,GUCCI,13897
17034,ABARTH 695 TIBUTO MASERATI,13897
17035,ABARTH 695 TRIBUTO FERRARI,13897
17036,GUCCI CONVERTIBLE,13897
17037,POP,13897
17038,SPORT,13897
17039,STEALTH,13897
17040,LOUNGE,13897
17041,LOUNGE LTH,13897
21470,ABARTH 595 COMPETIZIONE,13897
25280,ABARTH 695 RIVALE,13897
17030,TREKKING LOUNGE,13896
17027,POPSTAR,13895
17028,LOUNGE,13895
17029,CROSSPLUS,13895
17042,STD,13898
17026,STD,13894
17043,DYN/AMIC,13899
16130,STD,14474
20833,STD,20308
17154,LX,13917
20474,STD,17981
24068,PLATINUM,17981
17131,TREND,13912
17132,TITANIUM,13912
17133,AMBIENTE,13912
17051,SE,13901
17052,LIMITED,13901
17053,SEL LTH,13901
17054,LIMITED TOP,13901
17055,SPORT,13901
17056,SEL PLUS,13901
17057,SEL,13901
27317,TITANIUM,13901
27318,TITANIUM TOP,13901
17123,S,13911
17124,SEL,13911
17125,TITANIUM,13911
17126,XLT,13911
17127,SE LEATHER,13911
17128,TITANIUM X,13911
17129,XLT LEATHER,13911
17130,XLS,13911
17122,SE,13911
17159,STD,13920
17075,LTD,13905
17076,EDDIE BAUER,13905
17077,XL,13905
17078,XLT LTH TOP,13905
17079,XLT,13905
17080,XLT LTH,13905
17081,KING RANCH,13905
17082,PLATINUM,13905
16668,LTD,13906
16669,PLATINUM,13906
16670,EDDIE BAUER,13906
16671,XLT,13906
16672,XLT  LTH,13906
16673,XL  CLTH,13906
16674,KING RANCH,13906
17134,SPORT LEATHER,13913
17135,XLT  LTH,13913
17136,XLT,13913
17137,STD,13913
17138,XLS,13913
17139,LTD,13913
17140,LTD TOP,13913
17141,EDDIE BAUER,13913
17118,XLT,13909
17119,LIMITED,13909
17084,SVT RAPTOR SUPER CREW CAB,13908
17085,LARIAT,13908
17086,LARIAT CREW CAB LUXURY PK,13908
17087,FX4 SUPER CAB LTH,13908
17088,FX4 SUPER CAB LUXURY PK,13908
17089,SVT RAPTOR SUPER CAB CLTH,13908
17090,STD,13908
17091,LARIAT SUPER CAB,13908
17092,KING RANCH,13908
17093,LARIAT CREW CAB LTHR KNG RCH,13908
17094,ROUSH SVT RAPTOR SUPER,13908
17095,SVT RAPTOR SUPER CREW CLTH,13908
17096,LARIAT SUP CAB LUX PK HI R,13908
17097,XLT REG CAB,13908
17098,SVT RAPTOR SUPER CAB,13908
17099,HARLEY  DAVIDSON,13908
17100,FX4 CREW CAB LUXURY PK,13908
17101,FX4 SUPER CAB CHROME ALY,13908
17102,FX4 CREW CAB LTHR,13908
17103,ROUSH XLT REG CAB,13908
17104,ROUSH SVT RAPTOR SUPER CREW,13908
17105,XLT SUPER CAB SPORT PK,13908
17106,PLATINUM,13908
17107,XLT REG CAB MOTOX BLACK ALY,13908
17108,XLT REG CAB MOTOX CHROME ALY,13908
17109,LARIAT CREW CAB PLATINUM,13908
17110,FX4 CREW CAB PLATINUM LUX PK,13908
17111,XLT CREW CAB CHROME PACK,13908
17112,FX4 SUPER CAB BLACK ALY,13908
17113,FX4,13908
17114,XL,13908
17115,XLT CREW CAB,13908
17116,XLT CREW CAB SPORT PK,13908
17117,FX4 SUPER CAB HI RIDER,13908
24118,LARIAT SUPER LUX+CHROME PK,13908
24274,KING RANCH CREW LUX PK,13908
24365,SVT RAPTOR SUPER CAB BASE,13908
24385,CREW SHELBY,13908
24521,LIMITED CREW CAB LUX PK,13908
24580,LARIAT SUPER LUX+SPORTS PK,13908
24689,LARIAT CREW LUX+CHROME PK,13908
25126,LARIAT CREW LUX+SPORTS PK,13908
23854,SVT RAPTOR CREW CAB LUX,13908
23872,SVT RAPTOR CREW CAB,13908
23925,SVT RAPTOR SUPER CAB LUX LTH,13908
23938,LIMITED SUPERCREW,13908
17120,XL  SRW,13910
17121,XL  DRW,13910
17158,XL,13919
17142,TITANIUM,13914
17143,TREND,13914
17144,STD,13914
17145,AMBIENTE,13914
17146,TREND STD,13914
17155,TREND,13918
17156,TREND A\/W,13918
17157,AMBIENTE,13918
17153,STD,13916
17172,SEL LTH,13922
17173,SE,13922
17174,SEL,13922
17175,TITANIUM,13922
17176,LTD,13922
17044,SPORT,13900
17045,SE,13900
17046,GHIA,13900
17047,AMBIENTE,13900
17048,ST,13900
17049,TITANIUM,13900
17050,TREND,13900
17083,STD,13907
17058,SEL,13902
17059,S,13902
17060,SE LTH,13902
17061,SE,13902
17062,SE TECH PK,13902
17063,SE TOP,13902
23878,TITANIUM,13902
17177,STD,13923
17070,ST 220,13904
17071,TREND,13904
17072,TITANIUM,13904
17073,TREND STD,13904
17074,STD,13904
17160,GT,13921
17161,SHELBY COBRA  GLASS ROOF,13921
17162,PREMIUM ACCENT GLASS ROOF,13921
17163,PREMIUM ACCENT TOP,13921
17164,STD,13921
17165,BOSS 302,13921
17166,PREMIUM ACCENT,13921
17167,ROUSH,13921
17168,PREMIUM 50YR PK,13921
17169,PREMIUM,13921
17170,ROUSH  GLASS ROOF,13921
17171,SHELBY COBRA,13921
21349,GT PREMIUM,13921
24535,SHELBY GT350,13921
17147,STD,13915
17148,XL,13915
17149,STD HIGH RIDER,13915
17150,HURRICANE,13915
17151,WILDTRAK,13915
17152,XLT HIGH RIDER,13915
17064,SHO TOP,13903
17065,SE,13903
17066,SEL,13903
17067,LTD TECHNO PACK,13903
17068,SHO,13903
17069,LTD,13903
23633,STD,18112
24752,STD,17842
24798,LIMITED,17842
24767,GS,23506
24858,GL,23481
23672,GS,23481
16173,GL,14498
16174,GS,14498
16175,GL,14499
16176,GS,14499
16171,GT,14497
16172,GS,14497
25962,STD,25828
25926,SPORTS,25922
24366,GS,23421
24927,GL,23421
24290,GL,23497
24747,GB,23497
26756,PLATINUM,25892
17211,DEN/ALI,13928
17212,SLT1,13928
17213,SLT2,13928
17214,SLE,13928
25279,SLE2,13928
24211,SLT1 ALL TERRAIN PK,13928
24914,FLAGSHIP,17954
23830,ELEGANCE,17954
23927,ADVANCE,17954
17215,DEN/ALI,13929
17216,SLE,13929
17217,SLT,13929
17218,STD,13929
24145,100D,17974
24600,90D,17974
23719,P100D,17974
23935,75D,17974
24286,PREMIUM LUXURY,17928
24447,LUXURY,17928
24733,PLATINUM,17928
25168,STD,17928
20446,STDN,18333
17191,1500 Z71 EXT CAB,13926
17192,1500 4WD EXT CAB AT LTHR,13926
17193,2500 SLE LONG BOX,13926
17194,3500 SLE,13926
17195,1500  Z71,13926
17196,3500,13926
17197,1500 Z71 4WD C\/CAB LT\/SR,13926
17198,2500 SLT,13926
17199,2500,13926
17200,1500,13926
17201,1500 SLE,13926
17202,2500 SLE,13926
17203,DEN/ALI,13926
17204,2500 4WD LONG BOX C\/CAB AT Z,13926
20249,1500 CREWCAB SLE Z71,13926
25270,2500 CREWCAB SLE Z71,13926
25274,3500 SLE LONG BOX,13926
25283,1500 CREWCAB SLT CHROME PK,13926
25288,1500 CREWCAB SLT TERRAIN PK,13926
25291,2500 CREWCAB DEN/ALI,13926
25292,3500 CREWCAB SLE LONG BOX,13926
24433,1500 CREWCAB SLT,13926
24773,1500 EXTCAB SLE Z71,13926
24995,1500 CREWCAB SLE Z71,13926
25089,1500 CREWCAB SLE,13926
23833,1500 REG/CAB SLE Z71,13926
23856,1500 EXT CAB SLT Z71,13926
21041,AT4,13926
17205,SLT,13927
17206,DEN/ALI,13927
17207,SLE2,13927
17208,STD,13927
17209,SLE,13927
17210,SLT2,13927
25273,SLE N/AV/PWR TAILGATE,13927
17185,DEN/ALI COOL BOX\/HF TAILGATE,13925
17186,DEN/ALI,13925
17187,SLE,13925
17188,DEN/ALI S\/R DVD\/N/AV,13925
17189,DEN/ALI PWR STEPS,13925
17190,SLT,13925
25290,SLT CHROME PACK,13925
25293,SLE CHROME PACK,13925
17178,DEN/ALI,13924
17179,DEN/ALI COOL BOX\/HF TAILGATE,13924
17180,DEN/ALI S\/R DVD\/N/AV,13924
17181,DEN/ALI PWR STEPS,13924
17182,SLT,13924
17183,DEN/ALI S\/R DVD\/N/AV PWR\/AS,13924
17184,SLE,13924
17221,ELITE,13931
17219,LUXURY,13930
17220,STD,13930
20729,STD,20728
19871,STD,17891
19434,STD,19433
19888,STD,19134
14948,STD,19225
18140,STD,18132
18133,STD,17856
20046,STD,17856
24025,LUXURY,17856
18141,STD,18081
17239,VTI L,13937
17240,VTI-E SE,13937
17241,EXI,13937
17242,EXI SE N/AVIGATION,13937
17243,VTI,13937
17244,VTI E,13937
17245,LTH,13937
17246,EX SPORT,13937
17247,LX LTD,13937
17248,CLOTH,13937
17249,EXI SE,13937
17250,LXI,13937
17251,TYPE R,13937
17252,LXI SE,13937
17253,DX,13937
17254,VTI SR AIR BAG ABS,13937
17255,VTI E SE,13937
17256,LX,13937
17257,EX,13937
17258,EX N/AVIGATION,13937
19949,EX PLUS,13937
19954,LX PLUS,13937
20751,SPORT,13937
21575,LX TURBO SPORT,13937
21576,TURBO SPORT,13937
21251,VXI,13937
21573,EX TURBO,13937
21574,LX TURBO,13937
17233,COUPE V6,13936
17234,EXI SE N/AVIGATION,13936
17235,EXI SE,13936
17236,STD,13936
17237,COUPE,13936
17238,EXI,13936
17278,TOURING,13942
17279,N/AVIGATION,13942
17280,STD,13942
24222,COMFORT,17919
24293,PREMIUM TECH,17919
25030,PREMIUM,17919
23589,SPORT,17919
17228,LXI,13934
17229,EXI,13934
17230,DX,13934
17231,BASE,13934
17267,VTI CLOTH,13940
17268,VTI LTH,13940
17269,TYPE R,13940
17270,EXI SR,13940
17271,EXI A\/W,13940
17272,VTI,13940
17273,SIR,13940
17274,LXI,13940
17275,EXI,13940
17276,EXI LTH,13940
19953,DX PLUS,13940
19958,DX,13940
20367,LX,13940
20431,EX,13940
20708,STD,13940
23358,LX SPORT,13940
23891,LX,13940
17281,RVI,13943
17282,EX,13943
17283,RVSI LTH,13943
17284,RVSI,13943
17285,EX LTH,13943
17286,LX,13943
20466,TOURING,13943
23620,TOURING,13943
23930,EX PLUS,13943
17232,BASE,13935
17288,EXI SR,13945
17289,LX,13945
17290,ES,13945
17291,LS,13945
17292,EXI,13945
25048,EX,13945
17277,STD,13941
17264,EXL,13939
17265,EX,13939
17266,LX,13939
17224,TOURING,13933
17225,EX,13933
17226,LX,13933
17227,EXL,13933
17222,EX,13932
17223,EXV,13932
17259,EX-D,13938
17260,EX,13938
17261,TOURING,13938
17262,EX-L,13938
17263,EX-C,13938
17287,STD,13944
24417,SI,23503
24691,SI-L,23503
24790,ES,23503
23905,LS,23503
24001,BASE,23503
20568,STD,18954
17295,STD,13947
17296,LUXURY,13947
17293,STD,13946
17294,ALPHA V8,13946
20047,STD,18238
19926,STD,18639
17312,GLS,13952
17313,GL,13952
17314,GL MID,13952
17315,GLS  TOP,13952
17316,GL TOP,13952
19910,STD,13952
19923,STD,17860
23762,STYLE,17860
19934,STD,19273
17297,STD,13948
17341,GLS,13959
17342,GLS  MID,13959
17343,GLS TOP,13959
19915,STD,13959
25093,GL,13959
19937,STD,19262
17307,GLS,13951
17308,ROYAL,13951
17309,GLS VIP,13951
17310,ROYAL+,13951
17311,ROYAL LIMOUSINE,13951
19909,STD,13951
19873,STD,18047
25157,STD,18047
17365,GLS,13966
19919,STD,13966
17334,GL,13957
17335,GLS,13957
17336,GL TOP,13957
17337,GLS LTH,13957
19914,STD,13957
17327,GL MID,13955
17328,GLS TOP,13955
17329,GLS,13955
17330,GL TOP,13955
17331,GL,13955
19912,STD,13955
19925,STD,18336
19935,STD,19831
19929,STD,18676
17359,STD,13963
17373,GLS TOP AIR SUS,13970
17374,GLS MID,13970
17375,PRADA,13970
17376,GLS TOP,13970
17377,ROYAL,13970
17378,GLS,13970
17379,PLATINUM,13970
17380,PRESTIGE,13970
19921,STD,13970
24517,CLASS,13970
17371,STD,13969
17372,GLS MAVIGATION,13969
24251,GLS N/AVIGATION+REAR CAMERA,13969
17389,STD,13973
17390,GL,13973
17317,GLS,13953
17318,GL TOP,13953
17319,GL,13953
17320,GL MID,13953
19911,STD,13953
17386,GLS TOP,13972
17387,GL,13972
17388,GLS,13972
19922,STD,13972
17351,GLS,13961
17352,GL,13961
17353,GL TCI,13961
17354,GL CRDi,13961
17355,GLS ABS A\/W,13961
19917,STD,13961
19936,STD,19295
19932,STD,18616
19939,STD,19233
19924,STD,18086
24492,S,18086
24571,R-DYN/AMIC HSE,18086
23837,SE,18086
24022,R-DYN/AMIC SE,18086
17304,STD,13950
17305,GLS,13950
17306,GL,13950
17332,GL,13956
17333,GLS,13956
19913,STD,13956
17356,GLS,13962
17357,GL,13962
17358,STD,13962
17362,GLS,13965
17363,GLS TOP,13965
17364,GL,13965
19918,STD,13965
25657,GLS,25656
25658,GL,25656
17338,GL,13958
17339,GLS,13958
17340,STD,13958
19931,STD,18577
19938,STD,19773
17321,STD,13954
17322,GL TOP,13954
17323,GLS,13954
17324,GLS MID,13954
17325,GL,13954
17326,GLS TOP,13954
19933,STD,19267
17298,GL,13949
17299,GL TOP,13949
17300,GL MID,13949
17301,GLS TOP,13949
17302,GLS,13949
17303,GL A\/W,13949
19908,STD,13949
25971,TURBO,13949
17366,STD,13967
17367,TOP,13967
17360,TOP,13964
17361,STD,13964
17344,GL,13960
17345,GL SR,13960
17346,GLS TOP,13960
17347,GLS,13960
17348,GL TOP,13960
17349,GL 4x2,13960
17350,GL A\/W,13960
19916,STD,13960
19930,STD,18759
19928,STD,17854
25053,ELITE,17854
17381,STD,13971
17382,MID,13971
17383,TURBO,13971
17384,TOP N/AVIGATION,13971
17385,TOP,13971
20570,GLS,13971
24448,TURBO GLS,13971
24615,GLS N/AVIGATION,13971
23700,GLS SR,13971
17368,GL,13968
17369,GLS,13968
17370,GLS TOP,13968
19920,STD,13968
19927,STD,18755
27558,STD,27557
17416,LUXURY,13986
24247,EXCELLENCE T2,13986
17395,JOURNEY,13976
17396,STD,13976
17445,LUXURY,13997
17446,EXCELLENCE,13997
17447,STD,13997
17437,STD,13993
17402,STD,13979
17448,VETTEL EDITION,13998
17449,SPORT LUXURY,13998
17438,STD,13994
17439,LUXURY,13994
17440,EXECLLENCE,13994
17400,TOP,13978
17401,STD,13978
17428,LUXURY SPORT,13991
17429,LUXURY GRADE,13991
17430,LUXURY RED,13991
17431,STD,13991
17432,EXCELLENCE,13991
25000,35 TFSI 35 SPORT S-LINE,17994
24030,35 TFSI SPORT,17994
17415,STD,13985
17419,LUXURY,13988
17420,COMFORT,13988
17421,PREMIUM,13988
17391,STD,13974
17392,LUXURY,13975
17393,EXCELLENCE,13975
17394,SPORT,13975
17444,STD,13996
17417,SPORT,13987
17418,LUXURY,13987
25469,PREMIUM TECH,25468
25470,COMFORT,25468
25471,PREMIUM,25468
25472,SPORT,25468
17414,STD,13984
17406,SPORT+TECH+LUXURY,13981
17407,PREMIUM SPORT,13981
17408,SPORT,13981
17409,PREMIUM,13981
17410,PREMIUM LUXURY TECH,13981
17411,PREMIUM LUXURY,13981
24219,LUXE SR,13981
24743,RED SPORT,13981
24771,LUXE SR PRO ACT,13981
23990,LUXE,13981
17412,SPORT,13982
17425,LUXURY RED,13990
17426,LUXURY,13990
17427,LUXURY SPORT,13990
23689,RED SPORT TECH,13990
24004,PREMIUM LUXE,13990
17403,LUXURY,13980
17404,SPORTS,13980
17405,EXCELLENCE,13980
17450,STD,13999
17413,LUXURY,13983
25928,AUTOGRAPH,13983
25931,LUXE ESSENTIAL,13983
25933,LUXE SENSORY,13983
25960,LUXE,13983
17433,TOP,13992
17434,EXCELLENCE,13992
17435,LUXURY CHROME,13992
17436,LUXURY,13992
17422,PREMIUM,13989
17423,LUXURY,13989
17424,COMFORT,13989
17397,SPORT PACK,13977
17398,LUXURY,13977
17399,EXCELLENCE,13977
24250,LIMITED,13977
17451,ELITE SPORT,14000
17452,SPORT LUXURY,14000
17441,LUXURY 8ST,13995
17442,LUXURY 7ST,13995
17443,STD,13995
24124,EXCELLENCE,13995
24173,LUXURY PROACTIVE,13995
21553,STD,17972
25006,LUSSO,17972
24551,INSCRIPTION,17955
23709,MOMENTUM,17955
17453,STD,14001
18063,STD,17813
24825,AMG,17813
24097,MAYBACH,18083
20628,STD,18234
20469,STD,20468
24317,SUPER,18044
24762,STD,18044
16168,STD,14494
23638,LUXURY,14494
16167,STD,14493
23680,LUXURY,14493
17471,STD,14005
17472,V8 S,14005
17473,R,14005
17474,S,14005
24343,SVR,14005
24383,R- DYN/AMIC,14005
24768,BRITISH DESIIGN EDITION,14005
23985,R AWD,14005
17469,STD,14004
17470,SUPERCHARGED,14004
17466,SOVEREIGN,14003
17467,SPORT PREMIUM,14003
17468,SE,14003
17490,PURE,14011
17491,S,14011
17492,PORTFOLIO,14011
17493,PRESTIGE,14011
17494,R-SPORT,14011
17475,PREMIUM LUXURY,14006
17476,SE,14006
17477,SE PLUS,14006
17478,STD,14006
17479,PORTFOLIO,14006
17480,SUPERCHARGE,14006
17481,R-S,14006
17482,SUPERCHARGER,14006
17483,SPORTS EDITION,14006
17484,LUXURY,14006
17485,R,14006
20950,R-SPORT,14006
24175,PURE S,14006
24440,PRESTIGE,14006
24570,SPORTBRAKE R-SPORT,14006
24583,PURE,14006
25125,S,14006
17488,STD,14009
17454,SUPERCHARGED PORTFOLIO,14002
17455,SUPERCHARGE,14002
17456,STD,14002
17457,SOVEREIGN,14002
17458,LONDON LIMITED EDITION,14002
17459,EXECUTIVE EDITION,14002
17460,SUPERSPORT,14002
17461,SUPERCHARGER,14002
17462,LUXURY,14002
17463,PORTFOLIO,14002
17464,PREMIUM LUXURY,14002
17465,R,14002
24504,PORTFOLIO LWB,14002
24548,R-SPORT,14002
24644,R LWB,14002
24682,S,14002
25171,AUTOBIOGRAPHY LWB,14002
23581,PREMIUM LUXURY LWB,14002
24008,LUXURY LWB,14002
24028,R-SPORT LWB,14002
17495,PORTFOLIO,14012
17496,SUPERCHARGE,14012
17497,STD,14012
17489,STD,14010
17486,STD,14007
17487,STD,14008
25613,STD,19544
17539,LATITUDE,14017
17540,LIMITED TOP,14017
17541,SPORT,14017
17542,TRAILHAWK,14017
17543,LIMITED,14017
17544,SPORT TOP,14017
17545,LONGITUDE,14017
25949,LONGITUDE PLUS,14017
24450,SPORT X,14017
23780,SPORT LX,14017
17551,LIMITED,14019
17552,BASE,14019
17553,LAREDO,14019
17554,OVERLAND N/AV,14019
17555,OVERLAND,14019
17511,SPORT,14015
17512,LIMITED,14015
24468,TRAILHAWK,14015
24897,NORTH,14015
25059,LONGITUDE,14015
17513,LIMITED PLUS 2,14016
17514,ALTITUDE,14016
17515,LIMITED,14016
17516,SRT8,14016
17517,LAREDO TITANIUM,14016
17518,LIMITED PLUS,14016
17519,SRT8 VAPOR,14016
17520,LIMITED+,14016
17521,LAREDO LUXURY GP,14016
17522,SUMMIT,14016
17523,LIMITED FLEET,14016
17524,SRT8 ALPINE,14016
17525,LAREDO,14016
17526,LIMITED EXCLUSIVE,14016
17527,SRT8 PLUS MM,14016
17528,SRT8 REDLINE,14016
17529,LIMITED 2,14016
17530,SUMMIT MM,14016
17531,SRT8 MM,14016
17532,LIMITED MM,14016
17533,OVERLAND MM,14016
17534,LAREDO 65TH ANN,14016
17535,OVERLAND,14016
17536,OVERLAND PLUS,14016
17537,SRT8 PLUS,14016
17538,LAREDO PLUS,14016
24077,LIMITED 25TH ANN,14016
24152,NIGHT EAGLE,14016
24326,BLACKLINE,14016
24638,LAREDO ALPINE,14016
24655,LIMITED HIGHLINE,14016
24975,EXCLUSIVE,14016
24982,LIMITED S/R,14016
25129,SUMMIT PLATINUM,14016
23681,LIMITED 75TH,14016
23842,LAREDO EXCLUSIVE,14016
23967,TRACKHAWK,14016
24038,TRAILHAWK,14016
17498,SPORT,14013
17499,LOWLINE,14013
17500,LIMITED,14013
17546,LIMITED PLUS,14018
17547,LONGITUDE,14018
17548,LIMITED PLUS BLACKTOP,14018
17549,TRAILHAWK,14018
17550,LIMITED BLACKTOP,14018
24572,SPORT,14018
24696,LONGITUDE MASTER,14018
24781,LX,14018
25061,LX MASTER,14018
17556,SPORT RENEGADE II,14020
17557,MOUNTAIN,14020
17558,RUBICON,14020
17559,SAHARA,14020
17560,SPORT S\/T,14020
17561,SAHARA  PLUS,14020
17562,SPORT MOHAWK,14020
17563,RUBICON X,14020
17564,SPORT TRAILHAWK II,14020
17565,SPORT,14020
17566,SPORT RENEGADE,14020
17567,ISLANDER,14020
17568,SPORT SUMMER EDITION,14020
17569,RUBICON X EDITION,14020
24161,CJ FALCON,14020
24230,FALCON EDITION,14020
24264,SPORT MOPAR,14020
24390,SPORT FREEDOM,14020
24486,SPORT FALCON,14020
24515,SPORT MOPAR 75TH,14020
24563,CJ SPORT,14020
24601,MOUNTAIN RANGER,14020
24759,DESERT STARTER,14020
24962,DESERT EAGLE ll,14020
25047,SAHARA 75TH ANNIVERSARY,14020
23744,RUBICON RECON,14020
23758,BLACK MOUNTAIN,14020
23828,WILLYS WHEELER,14020
23912,BIG BEAR EXTREME,14020
23977,SPORT LEVEL RED,14020
23979,NIGHT EAGLE,14020
17501,SAHARA PLUS,14014
17502,CALL OF DUTY II,14014
17503,RUBICON X,14014
17504,SAHARA N/AVIGATION,14014
17505,SAHARA,14014
17506,RUBICON,14014
17507,SPORT,14014
17508,SPORT RENEGADE II,14014
17509,SPORT HARLEY,14014
17510,SPORT TRAILHAWK,14014
24369,CJ SPORT EXTREME,14014
24378,CJ SPORT FALCON,14014
24418,CJ SPORT,14014
24428,NIGHT EAGLE,14014
24637,SPORT FALCON,14014
24842,BIG BEAR,14014
24845,SPORT MOPAR,14014
24930,SPORT BUZZ 3,14014
25118,SPORT BUZZ 2,14014
23732,SAHARA 75TH ANNIVERSARY,14014
23802,WILLYS WHEELER,14014
23862,SPORT BIG BEAR,14014
23934,SPORT LEVEL RED,14014
16169,MK3,14495
24794,DIGNITY,17853
23896,CITY,17853
19389,STD,18416
25174,STD,17887
20266,STAND,19906
14523,EX DLX PANORAMA S\/R,14027
14524,EX FOP,14027
14525,LX STD,14027
14573,BASE,14034
14574,EX MID,14034
14575,LX,14034
14576,EX,14034
14577,EX TOP,14034
14578,STD,14034
24692,EX -SR LTH,14034
14547,LX,14030
14548,EX TOP,14030
14549,STD,14030
14550,EX,14030
14551,LX,14031
14552,SX,14031
14553,L,14031
14554,MID,14031
14555,COUPE,14031
14556,TOP,14031
14557,EX,14031
14558,STD,14031
14559,LX TOP,14031
14526,SX,14028
14527,SX TOP,14028
14501,EX TOP,14035
14500,LX,14035
14502,EX,14035
14545,EX,14029
14546,LX,14029
17570,TOP,14021
17571,STD,14021
14560,STD,14032
14561,LX MID,14032
14562,EX,14032
14563,LX,14032
14564,SX,14032
14565,EX MID,14032
14566,LX TOP,14032
14567,EX TOP,14032
14519,LX,14026
14520,EX,14026
14521,EX TOP,14026
14522,EX MID,14026
14513,TOP,14024
14514,GLS,14024
14515,EX TOP,14025
14516,LX,14025
14517,EX,14025
14518,EX MID,14025
17572,EX,14022
17573,EX TOP,14022
17574,EX MID,14022
17575,STD,14022
17576,LX,14022
14568,EX TOP,14033
14569,LX,14033
14570,EX LTH,14033
14571,EX,14033
14572,STD,14033
14509,EX MID,14023
14510,EX,14023
14511,LX,14023
14512,EX TOP,14023
23871,GTL,14023
25970,GTL,25848
24138,PURE S,17819
24342,PRESTIGE,17819
24603,FIRST EDITION,17819
25011,PURE,17819
25024,S,17819
25101,R-SPORT,17819
24013,PORTFOLIO,17819
23654,W8,18066
23778,W10,18066
14533,ROADSTER,14039
14534,LP700,14039
23954,LP 750,14039
14503,LP 570-4 SUPERLEGGERA,14036
14504,LP560-4,14036
14505,LP 550-2 SUPER TROFEO STRADA,14036
14506,STD,14036
14507,LP 570-4 PERFORMANTE,14036
14508,LP 550-2,14036
14532,LP610-4,14038
19957,LP580 - 2,14038
23597,PERFORMANTE,14038
14528,LP 670-4 SV,14037
14529,LP-640 ROADSTER,14037
14530,STD,14037
14531,LP-640,14037
14638,STD,14057
14624,SE,14055
14625,HSE,14055
14623,SE,14054
14590,VOGUE LE,14048
14591,VOGUE SE,14048
14592,AUTOBIOGRAPHY,14048
14593,HSE,14048
14594,SUPERCHARGED VOUGE,14048
14626,AUTOBIOGRAPHY DYN/AMIC,14056
14627,DYN/AMIC,14056
14628,SVR,14056
14629,SE PLUS,14056
14630,HSE RED,14056
14631,SC HST,14056
14632,SC AUTOBIOGRAPHY,14056
14633,SE,14056
14634,HSE LE,14056
14635,HSE,14056
14636,SUPERCHARGED,14056
14637,HSE S,14056
14601,90,14049
14602,110 HERITAGE EDITION,14049
14603,110,14049
14617,STD,14052
19950,FIRST EDITION,14052
19951,S,14052
19952,HSE LUXURY,14052
19955,HSE,14052
19960,SE,14052
14613,HSE,14051
14614,HSE LUXURY,14051
14615,S,14051
14616,SE,14051
14618,HSE,14053
14619,SE,14053
14620,HSE,14054
14621,LE,14054
14622,HSE LE,14054
14595,SE,14048
14596,SUPERCHARGED,14048
14597,HSE LE,14048
14598,AUTOBIOGRAPHY LWB,14048
14599,VOUGE,14048
14600,AUTOBIOGRAPHY BLACK,14048
24110,AUTOBIOGRAPHY SV DYN/AMIC,14048
25056,AUTOBIOGRAPHY SV,14048
23996,AUTOBIOGRAPHY SV LWB,14048
14604,SE,14050
14605,PURE LE,14050
14606,SE PLUS,14050
14607,PURE,14050
14608,DYN/AMIC,14050
14609,PRESTIGE,14050
14610,DYN/AMIC PLUS,14050
14611,HSE,14050
14612,HSE DYN/AMIC,14050
19963,AUTOBIOGRAPHY,14050
24539,SE DYN/AMIC,14050
24319,HSE DYN/AMIC,14056
27400,S,25839
27401,SE,25839
27402,HSE,25839
27403,R-DYN/AMIC,25839
27404,R-DYN/AMIC S,25839
27405,R-DYN/AMIC SE,25839
27406,R-DYN/AMIC HSE,25839
14675,PREMIER,14066
14676,PRESTIGE,14066
14677,PLATINUM,14066
14763,PLATINUM PLUS,14086
14764,PREMIER,14086
14765,STD,14086
14766,PLATINUM,14086
24063,PRESTIGE,14086
14700,SPORT,14071
14701,BASE,14071
14702,TOP,14071
14703,STD,14071
25935,PLATINUM,14071
25989,PREMIER,14071
24147,LIMITED,17800
24860,C,17800
14640,PLATINUM PLUS,14059
14641,TITANIUM,14059
14642,TOP,14059
14643,N/AVIGATION TOP,14059
14644,N/AVIGATION,14059
14645,PREMIER,14059
14646,BASE,14059
14647,PLATINUM,14059
14648,PRESTIGE,14059
27606,F SPORT,14059
20533,PRESTIGE,18556
21449,PRESTIGE,21448
14692,PLATINUM,14069
14693,PRESTIGE,14069
14694,PREMIER,14069
14695,F-SPORT,14069
14649,BASE,14060
14650,TOP,14060
14651,STD,14060
14652,N/AVIGATION,14060
14737,PRESTIGE,14078
14738,TITANIUM,14078
14739,PREMIER,14078
14740,F-SPORT,14078
14741,PLATINUM,14078
23853,STD,17938
14667,TOP,14062
14750,F Sport,14082
25131,PRESTIGE,14082
14668,STD,14063
14669,TOP,14063
14724,PLATINUM,14074
14725,PREMIER,14074
14726,N/AVIGATION TOP,14074
14727,MID,14074
14728,PRESTIGE,14074
14736,PLATINUM,14077
14678,PREMIER,14067
14679,PRESTIGE,14067
14680,F SPORT,14067
14742,PRESTIGE,14079
14743,PLATINUM,14079
14744,PREMIER,14079
14745,F-SPORT PRESTIGE,14079
14757,LEATHER,14085
14758,N/AVIGATION,14085
14759,PRESTIGE,14085
14760,PLATINUM,14085
14761,BASE,14085
14762,N/AVIGATION TOP,14085
21548,PREMIER,14085
14704,PLATINUM,14072
14705,PREMIUM PLUS,14072
14706,F SPORT,14072
14707,PRESTIGE,14072
14708,LUXURY,14072
14729,F SPORT PRESTIGE,14075
14730,PLATINUM,14075
14731,F SPORT PLATINUM,14075
14732,PRESTIGE,14075
23765,F SPORT,14075
20247,STD ,20246
14674,COUPE,14065
14748,TOP,14081
14749,N/AVIGATION REMOTE START,14081
14681,LWB 5ST,14068
14682,PRESTIGE LWB 5ST,14068
14683,PRESTIGE SWB,14068
14684,PREMIER LWB,14068
14685,L TITANIUM,14068
14686,F SPORT,14068
14687,PRESTIGE PLUS,14068
14688,PLATINUM LWB 4ST,14068
14689,SWB,14068
14690,LWB 4ST,14068
14691,PREMIER SWB,14068
21370,F SPORT,21369
21371,PLATINUM,21369
21372,TITANIUM,21369
14670,PLATINUM 4ST,14064
14671,PRESTIGE 5ST,14064
14672,TITANIUM,14064
14673,F-SPORT,14064
14746,TOP,14080
14747,N/AVIGATION,14080
14709,PREMIER INTREPID,14073
14710,PRESTIGE,14073
14711,SUPERCHARGED,14073
14712,SPORT PLATINUM,14073
14713,PREMIER PLUS,14073
14714,SPORT TITANIUM,14073
14715,PRESTIGE INTREPID,14073
14716,N/AVIGATION SPORT,14073
14717,TITANIUM,14073
14718,TITANIUM PLUS,14073
14719,SPORT TITANIUM PLUS,14073
14720,PLATINUM,14073
14721,PREMIER,14073
14722,TOP,14073
14723,PLATINUM INTREPID,14073
20908,PLATINUM SIGN/ATURE,14073
14767,F SPORT PRESTIGE,14087
14768,F SPORT PLATINUM,14087
14769,PLATINUM,14087
14770,PREMIER,14087
27436,PREMIER,25875
27437,PLATINUM,25875
27438,F-SPORT,25875
14751,PLATINUM,14083
14752,CARBON,14083
14771,F SPORT PRESTIGE,14088
14772,PREMIER,14088
14753,F SPORT PLATINUM,14084
14754,F SPORT PRESTIGE,14084
14755,PREMIER,14084
14756,PLATINUM,14084
24437,F SPORT,14084
24410,STD,23435
23706,S,17812
14733,BASE,14076
14734,SPORTS,14076
14735,TOP,14076
14653,PREMIUM PLUS,14061
14654,PREMIUM,14061
14655,LUXURY,14061
14656,TITANIUM,14061
14657,BASE,14061
14658,PLATINUM,14061
14659,PREMIER PLUS,14061
14660,PRESTIGE,14061
14661,PLATINUM PLUS,14061
14662,F-SPORT,14061
14663,PREMIER,14061
14664,PLATINUM LIMITED EDITION,14061
14665,SPORTS,14061
14666,TOP,14061
25967,PLATINUM,25864
14696,PRESTIGE,14070
14697,PLATINUM,14070
14698,TITANIUM,14070
14699,F-SPORT,14070
25957,PLATINUM,25902
14639,STD,14058
24800,SPORT,17977
14585,RESERVE,14046
14586,SELECT,14046
14587,PREMIER,14046
14538,ULTIMATE,14041
14539,STD,14041
14583,STD,14045
14584,ECOBOOST,14045
14588,STD,14047
14589,PREMIUM,14047
21508,BASE,14047
21509,SELECT,14047
21510,PREMIER,14047
21512,RESERVE,14047
24143,RESERVE LUXURY PK,14047
14535,RESERVE,14040
14536,PREFERRED,14040
14537,PREMIER,14040
23655,SELECT,14040
14579,L,14044
14580,L LIMOUSINE,14044
14581,RESERVE,14044
14582,ULTIMATE,14044
25104,L RESERVE,14044
14540,STD,14042
14541,RESERVE,14042
14542,SIGNATURE,14043
14543,EXECUTIVE,14043
14544,EXECUTIVE  L,14043
16128,Coupe,14472
24840,STD,14472
16129,STD,14473
16126,S,14471
16127,STD,14471
16121,S,14470
16122,V6,14470
16123,CUP 260,14470
16124,ROADSTER,14470
16125,S HIGH SPEC,14470
16163,P\/L,14490
16162,P\/L+,14489
16161,P\/L+,14488
16160,STD,14487
16166,STD,14492
24438,LT2,18039
24893,LTZ,18039
25066,LT,18039
23851,LS,18039
24656,M SPORT,17877
20386,STD,19704
19114,STAND,19113
23847,STD,18040
15156,STD,14279
15148,STD,14276
15157,STD,14280
15158,S,14280
15159,S Q4,14280
15142,STD,14273
15143,S AUTOMATIC,14273
15144,S,14273
15145,MC STRADALE,14273
24167,SPORT,14273
15149,STD,14277
15150,MC,14277
15151,FENDI EDITION,14277
23734,SPORT,14277
23976,SPECIAL EDITION,14277
15160,STD,14281
25753,STD,19622
15152,S,14278
15153,STD,14278
15154,SPORT GT,14278
15155,GTS,14278
15147,STD,14275
15146,STD,14274
20873,STD,18721
15164,V12,14285
15163,V12,14284
15161,V12,14282
15162,V12,14283
14789,V,14093
14790,S,14093
14791,R,14093
14782,V S\/R,14091
14783,V S\/R SAP,14091
14784,S,14091
14785,R,14091
14786,V,14091
25068,SE,14091
14777,R,14090
14778,SR,14090
14779,V,14090
14780,V SR,14090
14781,S,14090
24037,STD,17921
23815,LUXURY,18092
14799,S,14097
14797,R,14096
14798,V,14096
14800,STD,14098
14801,DLX,14098
25187,GS,25183
25188,GTX,25183
14792,GS,14094
14793,GT,14094
14794,GTX,14094
14795,GTX,14095
14796,GT,14095
14773,GTX LTD,14089
14774,GS,14089
14775,GTX,14089
14776,GT,14089
20909,LTD,14089
14787,25TH ANNIVERSARY EDITION,14092
14788,SPORT,14092
24553,STD,17943
17794,Van,17793
25945,STD,25886
25987,STD,25900
15033,COUPE,14239
15034,SPIDER,14239
15036,COUPE,14241
15041,STD,14243
24681,SPIDER,14243
15035,COUPE,14240
25946,STC,25868
15037,722,14242
15038,STD,14242
15039,ROADSTER,14242
15040,STIRLING MOSS,14242
24723,190TCE LE,17932
24735,190TCE SE,17932
24816,SE,17932
23838,PE,17932
23728,LUXURY,17872
24255,STD,23489
14976,STD,14203
14970,STD,14197
14886,SPORT,14147
15012,AMG,14225
14947,S,14184
23843,C,14184
27160,R,14184
14853,STD,14127
15011,STD,14224
14968,STD,14195
14926,STD,14169
14930,STD,14171
14931,TURBO,14171
14882,G800,14146
14883,ML700,14146
14884,B63S-700,14146
14885,S-850,14146
24289,G700,14146
14836,SPORTCOUPE,14118
15021,STD,14228
15022,ELEGANCE,14228
14949,AVANTGARDE,14186
14950,ELEGANCE,14186
14951,CLASSIC,14186
14952,SPORTCOUPE,14186
15013,AVANTGARDE SPORTS,14226
15014,ELEGANCE,14226
15015,AMG,14226
15016,CGI,14226
15017,AVANTGARDE,14226
15018,AVANTGARDE BUSINESS,14226
14803,SPORTCOUPE,14100
14804,AVANTGARDE,14100
14805,CLASSIC,14100
14806,ELEGANCE,14100
14965,SPORTCOUPE,14193
14966,ELEGANCE,14193
14975,STD,14202
14881,STD,14145
14816,STD,14107
14817,CGI,14107
14818,AVANTGARDE SPORTS,14107
14819,AVANTGARDE BUSINESS,14107
14820,AMG,14107
14837,AVANTGARDE,14119
14838,ELEGANCE,14119
14937,STD,14177
14938,\tAVANTGARDE BUSINESS,14177
14939,AVANTGARDE SPORTS,14177
23670,AMG,14177
14878,STD,14143
14849,AVANTGARDE,14126
14850,AVANTGARDE SPORTS,14126
14851,STD,14126
14852,AVANTGARDE BUSINESS,14126
24775,e,14126
25994,AMG SPORT,25834
15030,4MATIC,14236
14917,STD,14165
14901,EDITION 507,14159
14902,STD,14159
14903,BLACK SERIES,14159
14904,S,14159
18615,CEMENT TANKER,18613
14814,CGI,14106
14815,STD,14106
14839,STD,14120
14899,STD,14157
14945,STD,14182
14891,STD,14152
14940,STD,14178
14890,STD,14151
14998,STD,14215
14974,STD,14201
14977,STD,14204
14936,ELEGANCE,14176
14859,STD,14132
14827,STD,14112
14967,STD,14194
14840,STD,14121
14932,STD,14172
14971,STD,14198
14972,STD,14199
14828,STD,14113
14997,STD,14214
14871,STD,14138
14956,STD,14189
14991,STD,14210
14858,STD,14131
14964,STD,14192
14987,STD,14208
14969,STD,14196
14830,STD,14115
14869,STD,14137
14870,SHOOTING BRAKE,14137
14887,STD,14148
24867,AMG,14148
14812,SHOOTING BRAKE,14105
14813,STD,14105
14918,STD,14166
24424,STD,23416
14979,EDITION 1,14206
14980,SHOOTING BRAKE,14206
14981,STD,14206
14982,S,14206
24108,TITANIUM,18064
24807,PLATINUM,18064
23902,PRESTIGE,18064
14905,STD,14160
14906,AVANTGARDE,14160
14907,ELEGANCE,14160
14908,KOMPRESSOR,14160
19961,AMG,14160
20753,PREMIUM,14160
14876,STD,14141
14897,STD,14155
14910,STD,14162
14911,AVANTGARDE,14162
14912,ELEGANCE,14162
14913,AMG,14162
14914,AMG SPORT,14162
14894,AVANTGARDE,14154
14895,STD,14154
14896,ELEGANCE,14154
14959,ELEGANCE AMG,14191
14960,AVANTGARDE SPORT,14191
14961,STD,14191
14962,BUSINESS EDITION,14191
14963,ELEGANCE,14191
20911,AMG,14191
14995,CDI,14213
14996,STD,14213
14864,STD,14136
14865,SPORTS,14136
14866,ELEGANCE SPORTS,14136
14867,4MATIC,14136
14868,AVANTGARDE SPORTS,14136
15027,STD,14233
24330,AVANTGARD,14233
14921,SPORTS,14168
14922,STD,14168
14923,AVANTGARDE SPORTS,14168
14924,4MATIC,14168
14925,AMG,14168
15023,STD,14229
21254,STD,21253
14919,STD,14167
14920,S,14167
26285,STD,19127
14892,SWB ,14153
14893,STD,14153
23714,4X4,14153
14934,STD,14174
14973,STD,14200
14900,STD,14158
24020,FIN/AL EDITION,14158
14834,STD,14117
14835,LUXURY,14117
14809,STD,14103
14810,GRAND  EDITION,14103
14829,STD,14114
15025,STD,14231
15029,STD,14235
23621,ACTIVITY,14235
14888,STD,14149
24117,AMG,14149
25088,EXECUTIVE,14149
15031,AMG,14237
14860,AMG,14133
14999,STD,14216
15000,S,14217
15026,STD,14232
14942,TOP,14180
14943,STD,14180
14941,GE,14179
14873,AMG PACK,14140
14874,TOP,14140
14875,STD,14140
21348,STD,19668
14826,BRABUS,14111
14857,STD,14130
15032,STD,14238
15005,AMG KIT,14222
15006,STD,14222
14831,STD,14116
14832,AMG LUXURY,14116
14833,CLASSIC,14116
15001,STD,14218
14889,STD,14150
15004,STD,14221
15024,STD,14230
14944,STD,14181
14978,STD,14205
14808,STD,14102
14957,AMG,14190
14958,STD,14190
14848,STD,14125
14811,STD,14104
14898,STD,14156
14935,STD,14175
14825,STD,14110
15002,STD,14219
15019,LWB,14227
15020,BUSINESS EDITION,14227
14879,LWB,14144
14880,STD,14144
14927,AMG,14170
14928,LWB,14170
14929,STD,14170
14855,STD,14129
14856,AMG,14129
14916,STD,14164
25133,SUV,17861
25549,AMG,25548
15007,LWB,14223
15008,LWB TOP,14223
15009,AMG PREMIUM,14223
15010,STD,14223
23636,E,14223
14992,STD,14211
14993,LWB,14211
15003,STD,14220
20682,STD,20681
14988,STD,14209
14989,BRABUS SV12R,14209
14990,LWB,14209
23640,MAYBACH PULLMAN,14209
24026,MAYBACH,14209
14847,STD,14124
23675,130 EDITION,14124
14877,STD,14142
24749,STD,23507
14909,SPORT,14161
14862,STD,14135
14863,AMG,14135
15028,STD,14234
14933,STD,14173
14915,STD,14163
14955,STD,14188
14854,STD,14128
14841,STD,14122
20590,STD,20589
14861,KOMPRESSOR,14134
21255,KOMPRESSOR,14134
14802,STD,14099
14994,STD,14212
14824,SPORT,14109
14807,STD,14101
14946,STD,14183
14953,SPORT,14187
14954,EDITION 1,14187
14872,STD,14139
14983,STD,14207
14984,772 S,14207
14985,ROADSTER,14207
14986,772 EDITION,14207
14821,GT,14108
14822,BLACK SERIES,14108
14823,STD,14108
18085,STD,18084
19316,STD,17939
24009,STD,17939
25408,STD,19972
14842,FUN,14123
14843,CDI,14123
14844,AVANTGARDE,14123
14845,TREND,14123
14846,AMBIENTE,14123
27321,STD,27320
15042,STD,14244
15045,STD,14247
15044,STD,14246
15043,PREMIER,14245
25004,PREMIER,23555
23928,STD,23555
16114,STD,14465
16110,STD,14462
16106,GRAND DELUXE,14460
16107,DELUXE,14460
16108,LUXURY,14461
16109,STD,14461
16112,GRAND DELUXE,14464
16113,STD,14464
16111,GRAND DELUXE,14463
15128,STD,14267
15129,CABRIO,14267
15130,PURE,14267
15131,SPRINT,14267
15133,STD,14269
15140,STD,14271
15127,STD,14266
15119,PACEMAN,14265
15120,STD,14265
15121,CABRIO,14265
15122,COUPE,14265
15123,HIGH SPEC,14265
15124,PACEMAN ALL4 JCW KIT,14265
15125,PACEMAN ALL4 BLACK NIGHT,14265
15126,PACEMAN ALL4,14265
15132,STD,14268
15114,ALL4,14264
15115,JCW KIT,14264
15116,ALL4 JCW KIT,14264
15117,STD,14264
15118,ALL4 KNIGHT EDITION,14264
15141,STD,14272
15134,COUNTRYMAN,14270
15135,STD,14270
15136,PACEMAN KNIGHT EDITION,14270
15137,COUPE,14270
15138,PACEMAN,14270
15139,COUNTRYMAN KNIGHT EDITION,14270
23840,CABRIO,14270
19856,STD,18538
15099,HIGHLINE,14258
15100,LOWLINE,14258
15101,MIDLINE,14258
19844,STD,14258
15109,GLX,14262
15110,GLX A\/W,14262
15111,GLX TOP,14262
19848,STD,14262
19859,STD,18654
15050,STD,14249
19836,STD,14249
19858,STD,18224
19862,STD,19005
15051,GT PREMIUM,14250
15052,GT SPYDER,14250
15053,GT,14250
15054,GS,14250
19837,STD,14250
23370,GLS MEDIUM LINE,23369
23371,GLS HIGH LINE,23369
23372,GLS MEDIUM LINE,23369
19864,STD,19669
19861,STD,18057
24311,LUXURY,18057
25135,STD,18057
19863,STD,19042
15112,GLS,14263
15113,GLX,14263
19849,STD,14263
19860,STD,17833
24422,HT SWB,17833
24673,HT SLWB,17833
15046,GLS,14248
15047,ES SUNROOF,14248
15048,GTS,14248
15049,ES,14248
19835,STD,14248
15103,STD,14260
19846,STD,14260
15059,GL,14252
19839,STD,14252
25930,GLX,14252
25937,GL TOP,14252
25941,GLX TOP,14252
25954,GL MID,14252
19850,STD,17796
24678,PLATINUM,17796
24912,PRESTIGE,17796
15095,GLX HIGHLINE,14257
15096,GLX MID,14257
15097,EVO VIII,14257
15098,EVO IX,14257
15089,GL,14257
15090,GLX LOWLINE,14257
15091,EVO X,14257
15092,GS,14257
15093,GL TOP,14257
15094,GLX TOP,14257
19843,STD,14257
19857,STD,18199
25488,LIMITED,18199
25489,TOURING L PLUS,18199
25490,TOURING L,18199
15104,GLS,14261
15105,GLX HIGHLINE,14261
15106,GLX,14261
15107,GT,14261
15108,GLX LOWLINE,14261
18557,GLS,14261
19847,STD,14261
19852,STD,18158
25060,GLS,23447
25099,LUXE SENSORY,18158
15055,GLX TOP,14251
15056,GLX BASIC +,14251
15057,GLX BASIC,14251
15058,GLX MID,14251
19838,STD,14251
18568,GLX MIDLINE,18233
19854,STD,18233
24341,GLS SUPER HL,18233
24560,GLS HIGHLINE,18233
24894,GLS PREMIUM,18233
15102,GLS,14259
19845,STD,14259
15060,GLS FABRIC HL,14253
15061,GLS FABRIC HL TOP,14253
15062,GLX HIGHLINE LEATHER,14253
15063,GLS LTH HL,14253
15064,GLX,14253
15065,GLX FABRIC,14253
15066,GLS LTH HL TOP,14253
15067,GLX HIGHLINE FABRIC,14253
15068,GLS FABRIC,14253
19840,STD,14253
15069,GLS HL LTH MID,14254
15070,GLS HL FAB,14254
15071,GLS MIDLINE S\/R,14254
15072,GLS HIGHLINE,14254
15073,GLS LOWLINE,14254
15074,GLS HIGHLINE TOP,14254
15075,GLS  HL LTH TOP,14254
15076,GLS MIDLINE,14254
15077,ROCKFORD ELITE,14254
15078,GOLD,14254
15079,GL,14254
15080,GLS HL LTH,14254
15081,GLS LL TOP,14254
15082,DIAMOND,14254
15083,ROCKFORD,14254
15084,PLATINUM,14254
19841,STD,14254
15088,STD,14256
15085,HIGHLINE,14255
15086,LOWLINE,14255
15087,MIDLINE,14255
19842,STD,14255
19851,STD,18048
19855,STD,17914
24988,STD,17914
19853,STD,18197
16136,STD,14479
16137,STD,14480
16135,SUPERSPORTS,14478
16134,2 SEATER,14477
24761,STD,23438
16138,2 SEATER,14481
20050,STD,18323
20366,STD,17832
23669,STD,17832
15216,STD,14290
15255,MID,14299
15256,Roadster,14299
15257,STD,14299
15258,N/AVIGATION,14299
25993,NISMO,14299
15269,STD,14302
15270,S T2,14302
15271,SL,14302
15272,S T1,14302
15273,EXCLUSIVE,14302
15274,SE,14302
15275,S T2 TOP,14302
15276,S,14302
15277,SV,14302
15252,PLATINUM,14298
15253,SE,14298
15254,LE,14298
18715,STD,18045
24195,STD,17801
26528,LWB,26142
26838,STD,26142
20006,STD,18142
24240,STD,17913
15241,VVIP,14296
15242,BLACK EDITION,14296
15243,SPORT,14296
15244,PREMIUM,14296
15259,SL LTH,14300
15260,S,14300
15261,SL TURBO,14300
15262,SL W\/SR,14300
20348,SV,20347
21308,S,20347
21309,SL,20347
15235,SR TOP,14294
15236,S,14294
15237,SV,14294
15238,SR,14294
15239,STD,14294
23766,SR MIDNIGHT,14294
15263,SV,14301
15264,S,14301
15265,SL,14301
15266,SV +,14301
15267,SL +,14301
15268,SL PREMIUM,14301
19976,STD,18032
24823,ROYAL,18076
15217,LE,14291
15218,STD,14291
15219,SL,14291
20267,STDN,17811
25676,SE CSF,23419
25677,S ASF,23419
24558,PREMIUM,17811
24959,STD,17811
25121,ECO,17811
26839,SE CPR,23419
23695,LIMITED,17811
15203,S,14288
15204,SV,14288
15205,LE,14288
15206,SE T1,14288
15207,SL,14288
15208,LE N/AV.,14288
15209,SE,14288
15210,XE,14288
15211,SE T2,14288
23368,CLASSIC XE,14288
15181,SE T2 LEATHER,14287
15182,LE PLATINUM CITY VVIP,14287
15183,HT SAFARI,14287
15184,SUPER SAFARI T2,14287
15185,HT SAFARI SR,14287
15175,SAFARI T1,14287
15176,LE T3,14287
15177,LE T3 W\/O FES,14287
15178,LE PLATINUM CITY,14287
15179,SE T3 DVD,14287
15180,LE T1,14287
15196,SUPER SAFARI T3,14287
15197,SE T1,14287
15198,SE PLATINUM CITY,14287
15199,XE T1,14287
15200,SAFARI T2,14287
15201,HT GL,14287
15202,LE PLATINUM,14287
15186,LE T2,14287
15187,SE T2,14287
15188,GL,14287
15189,LE T3 CITY 60TH ANNIVERSARY,14287
15190,LE T3 CITY VERSION,14287
15191,SE T3 60TH ANNIVERSARY,14287
15192,SUPER SAFARI T1,14287
15193,SE T3 LIMITED EDITION,14287
15194,SE T3,14287
15195,STD,14287
19964,LE T2 TITANIUM,14287
20409,NISMO,14287
20891,LE T2 Titanium,14287
24952,SUPER SAFARI,14287
23877,LE TITANIUM CHROME,14287
25996,SGL,25921
15283,STD,14304
24193,GTS,17810
15212,LE T1,14289
15213,LE T2,14289
15214,SE,14289
15215,S,14289
20012,STD,20011
27316,STD,19706
15278,SL PREMIUM,14303
15279,SL,14303
15280,SV SPORT,14303
15281,SV,14303
15282,S,14303
25932,S LIMITED EDITION,14303
25943,SV LIMITED EDITION,14303
15165,CLASSIC,14286
15166,CLASSIC SG,14286
15167,STD,14286
15168,SE,14286
15169,PE,14286
15170,CLASSIC EX  SALOON,14286
15171,SL,14286
15172,SV COMFORT,14286
15173,S,14286
15174,SV,14286
24497,SE PLUS,14286
23628,F SPORT,17795
15224,SE,14293
15225,S PWR OPTS,14293
15226,SL PWR OPTS,14293
15227,SL PWR+ABS,14293
15228,SV,14293
15229,SL PLUS,14293
15230,S,14293
15231,SL ABS A\/W,14293
15232,SL PWR+S\/R,14293
15233,SL ABS,14293
15234,S PWR+ABS,14293
15240,STD,14295
25449,STD,25448
15220,X,14292
15221,S,14292
15222,SE,14292
15223,S Off Road,14292
15245,SE T2,14297
15246,SE T1,14297
15247,XE 4WD,14297
15248,S,14297
15249,XE 2WD,14297
15250,SL,14297
15251,SV,14297
23391,STD,23390
15300,GLAM,14309
15289,STD,14307
15290,GTC N/AVIGATION,14308
15291,SPORT OPC LINE,14308
15292,OPC LEATHER,14308
15293,ENJOY,14308
15294,GTC SPORT,14308
15295,OPC,14308
15296,GTC,14308
15297,COSMO OPC LINE,14308
15298,COSMO,14308
15299,COSMO DRIVER PACK,14308
24333,INNOVATION 5PC,14308
24653,DYN/AMIC SBO,14308
23945,DYN/AMIC RSE,14308
15301,STD,14310
24697,INNOVATION,14310
15302,COLOR EDITION,14311
15303,ENJOY,14311
15304,ESSENTIA,14311
15305,ESSENTIA A\/W,14311
15306,OPC,14311
24714,ESSENTIA PLUS,14311
15310,COSMO,14313
15311,OPC,14313
15312,SPORT,14313
15313,EDITION,14313
15314,COSMO OPC LINE,14313
24325,OPC LINE,14313
24736,EDITION PLUS,14313
25034,SPORT TOURER,14313
15287,ENJOY,14306
15288,ENJOY S\/R,14306
15284,ENJOY,14305
15285,COSMO,14305
15286,COSMO LEATHER,14305
24367,STD,17859
15307,STD,14312
15308,COSMO LEATHER,14312
15309,COSMO,14312
16131,STD,14475
16132,CINQUE,14476
16133,F,14476
25176,STD,17890
15348,ONELINE,14322
15349,XS,14322
15350,BASE,14322
15351,CC,14322
15317,CC SPORT2 LTH,14315
15318,ACTIVE,14315
15319,TRENDY,14315
15320,URBAN,14315
15321,SPORTIUM,14315
15322,ALLURE,14315
15323,PREMIUM,14315
15324,CC SPORT1,14315
15325,RC TURBO,14315
15326,GT,14315
15380,GT LINE,14330
15381,ACTIVE,14330
15382,ACTIVE PLUS,14330
15383,ALLURE,14330
25163,ACCESS,14330
15374,ACCESS,14328
15375,ALLURE,14328
15376,ACTIVE,14328
15327,XSI,14316
15328,XT,14316
15329,CC,14316
15357,CC PREMIUM,14325
15358,COMFORT PACK,14325
15359,ACCESS,14325
15360,ALLURE,14325
15361,SPORTIUM,14325
15362,ACTIVE,14325
15363,COMFORT,14325
15364,CC FELINE N/AV,14325
15365,GT LINE,14325
15366,PREMIUM,14325
15367,PREMIUM PACK,14325
15368,CC FELINE,14325
15369,FELINE,14325
15370,CC SPORT,14325
15352,V6,14323
15353,PREMIUM,14323
15354,PREMIUM PACK GPS,14323
15355,CONFORT,14323
15384,ACTIVE PLUS,14331
15385,ACTIVE,14331
15386,ACCESS,14331
15341,ACTIVE,14320
15342,ALLURE,14320
15343,ACCESS,14320
23767,GT LINE,14320
15356,STD,14324
15338,ACTIVE,14319
15339,ALLURE,14319
15340,ALLURE SR,14319
15315,STD,14314
15316,PREMIUM,14314
24318,ALLURE,14314
23775,ACTIVE,14314
23845,GT LINE,14314
15335,STD,14318
15336,PREMIUM W\/VIDEO PACK,14318
15337,PREMIUM,14318
24214,GT LINE,14318
24467,ALLURE,14318
23832,ACTIVE,14318
15371,STD,14326
15330,PREMIUM,14317
15331,BREAK COMFORT,14317
15332,PREMIUM PACK,14317
15333,FELINE,14317
15334,COMFORT,14317
15377,L1H1,14329
15378,L4H3,14329
15379,L2H2,14329
15372,STD,14327
15373,COMBI,14327
15344,ATP,14321
15345,SPORT,14321
15346,SPORT N/AVIGATION,14321
15347,STD,14321
15422,GT3RS,14337
15423,TURBO,14337
15424,TARGA,14337
15425,CARRERA 4 BLACK EDITION,14337
15426,TARGA 4S,14337
15427,CARRERA 4GTS,14337
15428,GT2,14337
15429,CARRERA 4S,14337
15430,TARGA 4GTS,14337
15431,CARRERA S,14337
15432,CARRERA,14337
15433,GT3,14337
15434,CARRERA 4,14337
15435,CARRERA GTS,14337
15436,TURBO S,14337
15437,50th ANNIVERSARY EDITION,14337
15438,CARRERA BLACK EDITION,14337
15439,TARGA 4,14337
15440,GT2 RS,14337
24054,CARRERA T,14337
15410,SPYDER,14335
15411,SPYDER WEISSACH,14335
20610,STD,20609
20611,S,20609
25389,STD,25388
25390,S,25388
15387,STD,14332
15402,S,14334
15403,GTS,14334
15404,BLACK EDITION,14334
15405,STD,14334
15406,DESIGN EDITION 2,14334
15407,SPYDER,14334
15408,S BLACK EDITION,14334
15409,RS SPYDER,14334
24098,STD,17941
15441,STD,14338
15412,GTS,14336
15413,PLATINUM EDITION,14336
15414,TURBO S,14336
15415,S HYBRID,14336
15416,STD,14336
15417,DIESEL,14336
15418,TURBO,14336
15419,DIESEL PLATINUM EDITION,14336
15420,S DIESEL,14336
15421,S,14336
24316,S DIESEL PLATINUM EDITION,14336
24666,S PLATINUM EDITION,14336
25020,S E-HYBRID PLATINUM EDITION,14336
15442,STD,14339
15443,R,14339
15444,GT4,14339
15445,S,14339
15446,GTS,14339
15447,TURBO,14340
15448,S DIESEL,14340
15449,S,14340
24109,TURBO PERFORMANCE PACK,14340
24618,GTS,14340
24782,STD,14340
15388,S,14333
15389,4S,14333
15390,4,14333
15391,STD,14333
15392,4S EXECUTIVE,14333
15393,TURBO S EXECUTIVE,14333
15394,TURBO,14333
15395,TURBO EXECUTIVE,14333
15396,4 EDITION,14333
15397,S HYBRID,14333
15398,DIESEL,14333
15399,GTS,14333
15400,TURBO S,14333
15401,EDITION,14333
24355,TURBO S E-HYBRID,14333
24509,4 SPORT TURISMO,14333
24705,TURBO S E-HYBRID SP TURISMO,14333
24909,4 E-HYBRID EXECUTIVE,14333
24979,4 E-HYBRID SPORT TURISMO,14333
25003,4 E-HYBRID,14333
23657,TURBO SPORT TURISMO,14333
23703,4 EXECUTIVE,14333
23880,TURBO S E-HYBRID EXECUTIVE,14333
23926,4S SPORT TURISMO,14333
16117,MIDLINE,14468
16118,BASELINE,14468
16119,MIDLINE,14469
16120,BASELINE,14469
16116,MIDLINE,14467
23641,STD,17940
16147,SLT URBAN CRUISER,14484
16148,SLT RAID,14484
16149,SLT LOW RIDER,14484
16150,SLT POWER WAGON,14484
16151,SLT CREW RAID,14484
16152,SLT QUAD,14484
16153,SLT,14484
16154,LARAMIE,14484
16155,SLT QUAD RAID,14484
16156,SLT SPORT,14484
16157,SLT CREW,14484
25718,LONGHORN CREW,14484
24106,SPORT,14484
24146,SLT HIGHLINE,14484
24231,SLT LX BIG HORN,14484
24561,REBEL,14484
24990,ST RAID,14484
23600,ST,14484
23626,ST QUAD,14484
16159,LARAMIE,14486
16158,CREW,14485
15452,SE,14342
15453,PE,14342
15454,LE,14342
19306,STD,14342
15479,RS 200,14350
15480,SPORT,14350
15481,CLASSIC,14350
15482,RS 172,14350
15483,RS 197,14350
15484,CAMPUS,14350
15485,RS 182,14350
15486,V6,14350
15487,STD,14350
20614,STD,19731
15459,SE,14346
15460,SE+,14346
15461,PE,14346
19307,STD,14346
24996,LE,14346
23724,LE LTH,14346
15488,TURBO,14351
19310,STD,14351
19315,STD,19220
15462,LE PLUS,14347
15463,SE,14347
15464,LIMITED SPORT,14347
15465,LE,14347
15466,PE,14347
19308,STD,14347
15499,STD,14356
19312,STD,17912
15467,PE,14348
15468,SE,14348
15469,MID,14348
15470,LE,14348
19309,STD,14348
15456,TURBO,14344
15457,STD,14344
19313,STD,18218
15489,STD,14352
15471,SPORT,14349
15472,SE,14349
15473,PE PLUS,14349
15474,PE,14349
15475,STD,14349
15476,LE,14349
15477,RS 225,14349
15478,CC,14349
15491,LE,14354
15492,SE,14354
15493,PE,14354
15494,STD,14354
15490,STD,14353
15458,STD,14345
15495,STD,14355
15496,LE,14355
15497,SE,14355
15498,PE,14355
27376,PE,25857
27377,SE,25857
27378,190TCE LE,25857
27379,190TCE SE,25857
27380,190TCE LE +VT,25857
19314,STD,17835
24501,STD,17835
15450,STD,14341
15451,HIGH ROOF,14341
19311,STD,18113
24088,STD,18113
24753,ROYAL,18113
15455,STD,14343
25997,C0NVERTIBLE,25888
15507,HOME OF RR COLLECTION,14359
15508,STD,14359
15509,FIRN/AS MOTIF,14359
15510,ONE THOUSAND AND ONE NIGHTS,14359
15511,SWB,14359
15512,EXTENDED,14359
15501,COUPE,14358
15502,EWB,14358
15503,STD,14358
15504,COUPE DROPHEAD,14358
15505,AVIATOR COUPE,14358
15506,WATERSPEED,14358
15500,STD,14357
15513,STD,14360
15514,TURBO,14361
15515,CABRIOLET,14361
15516,LINEAR,14361
15517,AERO,14361
15518,AERO,14362
15519,LINEAR,14362
15520,TURBO,14362
15521,AERO,14363
15522,STD,14363
16115,RED LINE,14466
21431,STD,21430
21477,STD,21476
19034,STD,17875
15523,STYLE,14364
15544,SPORT,14368
15545,REFERENCE,14368
15546,TURBO,14368
15547,STYLANCE,14368
15538,STYLE,14366
15550,STYLANCE,14370
15539,STYLANCE,14367
15540,FR,14367
15541,STYLE,14367
15542,SPORT,14367
15543,REFERENCE,14367
15524,TURBO,14365
15525,SPORT UP,14365
15526,STYLANCE,14365
15527,FR TOP,14365
15528,REFERENCE BASE,14365
15529,STYLE MID,14365
15530,REFERENCE TOP,14365
15531,FR BASE,14365
15532,R BASE,14365
15533,STYLE TOP,14365
15534,STYLE BASE,14365
15535,R TOP,14365
15536,TURBO FR,14365
15537,REFERENCE,14365
15548,TURBO,14369
15549,STYLANCE,14369
24166,R-DYN/AMIC HSE,18043
24321,R-DYN/AMIC SE,18043
24406,R-DYN/AMIC,18043
24454,SE,18043
24505,R-DYN/AMIC S,18043
24606,HSE,18043
24629,FIRST EDITION,18043
24994,STD,18043
23607,S,18043
15551,STD,14371
15552,AMBITION,14371
15553,vRS,14371
15554,ACTIVE,14371
15555,AMBIENTE,14371
15556,CLASSIC,14371
15557,MONTE CARLO,14371
15558,ELEGANCE,14371
15562,vRS,14373
15563,ELEGANCE,14373
15564,AMBITION,14373
15565,AMBITION COMFORT,14373
15566,ELEGANCE PLUS,14373
15567,AMBITION LUX,14373
15568,TOUR,14373
15569,COMBI TOUR,14373
15570,COMBI,14373
15571,AMBIENTE,14373
15572,TURBO,14373
15559,STYLE,14372
15560,AMBIENTE,14372
15561,COMFORT,14372
15573,ELEGANCE,14374
15574,COMFORT,14374
15575,AMBITION,14374
15576,STD,14374
15577,COMBI,14374
15578,AMBIENTE,14374
15579,L&K,14374
15580,COMFORT,14375
15581,CITY,14375
15582,OUTDOOR,14375
15583,ADVENTURE,14375
15584,ACTIVE,14375
24934,AMBITION,14375
24557,STD,17980
16139,SPYDER,14482
16140,LAVIOLETTE LM85,14482
16141,STD,14482
16142,ROADSTER,14482
16143,AILERON SPYDER,14482
16144,AILERON,14482
16145,GTS,14483
16146,STD,14483
15585,SPORT 4WD,14376
15586,SPORT 2WD,14376
15587,STD,14376
15588,BASE,14376
15589,STD,14377
15590,LWB,14377
15593,DLX,14379
15594,S,14379
15596,STD,14381
15597,TOP,14381
15598,W DLX,14382
15599,W S,14382
15600,BASE,14382
15601,TOP,14382
15595,STD,14380
15591,STD,14378
15592,DLX,14378
15609,PREMIUM,14385
15610,STD,14385
15604,PREMIUM,14384
15605,MID,14384
15606,TOP,14384
15607,SPORT,14384
15608,STD,14384
15618,WRX-STi  TOP,14387
15619,TOP,14387
15620,WRX-STi   STD,14387
15621,STD,14387
15622,WRX  TOP,14387
15611,SPORT,14386
15612,STD,14386
15613,MID,14386
15614,R-S,14386
15615,TOP,14386
15616,PREMIUM,14386
15617,GT,14386
15623,TOP,14388
15624,STD,14388
15625,R-S,14388
15602,STD,14383
15603,TOP,14383
15628,STD,14390
15629,STI,14390
15630,STI PREMIUM,14390
24882,SPORT,14390
15626,STD,14389
15627,PREMIUM,14389
15652,STD,14401
15653,DLX,14401
15631,GLX- DELUXE,14391
15632,STD,14391
15633,PANEL,14391
20683,STD,20268
20755,GLX,20268
20756,GL,20268
23857,XDRIVE 20i M SPORT X,18134
15654,BASE,14402
15655,GL,14402
15638,GLX,14394
15639,GL,14394
15636,GL,14393
15637,GLX,14393
15644,DLX,14397
15645,JLX,14397
15646,STD,14397
15663,STD,14405
25112,GLX,14405
15640,STD,14395
15641,JLX AW,14395
15642,JXL,14395
15647,SPORT,14398
15648,STD,14398
15656,STD,14403
15657,SPORT,14404
15658,GL SE,14404
15659,GA,14404
15660,GL,14404
15661,GLX,14404
15662,GL+,14404
15634,GL,14392
15635,GLX,14392
15643,STD,14396
15649,GL+,14399
19325,STD,18094
25181,GLX+,18094
25182,GLX,18094
24130,LUXURY,18094
23875,COMFORT,18094
15650,STD,14400
15651,TOP,14400
20693,STD,19010
20369,STD,19074
25593,STD,25591
20588,STD,19390
25064,STD,17933
19887,STD,17884
21514,STD,18562
24237,SUPERFAST,18042
24540,STD,18087
20475,STADN,20473
25175,PREMIER,18074
20608,STD,19528
24587,STD,17818
23809,S,17818
23900,GRANSPORT S,17818
25105,LUXURY,23428
19272,STD,18473
15873,VT,14429
15874,TOP,14429
15875,VTX TRD SPORT PK,14429
15876,STD,14429
15877,VT TRD AERO PK,14429
15878,MID,14429
15879,GT,14429
15880,VTX TRD AERO PK,14429
15881,VTX,14429
15882,GTX,14429
15883,VT TRD SPORT PK,14429
21429,STD,21428
15743,LIMITED,14415
15773,MID,14417
15774,GRANDE N/AVI,14417
15775,LIMITED,14417
15776,SPORT TRD,14417
15777,TOP LTH,14417
15778,TOURING,14417
15779,SPORT,14417
15780,SE,14417
15781,TOP,14417
24080,GRANDE,14417
15839,BASE,14423
15840,SE+,14423
15841,SE,14423
15842,S,14423
15843,EXCLUSIVE,14423
15844,TOP,14423
15845,LIMITED,14423
24379,XLE,14423
24554,LIMITED PREMIUM,14423
24898,XLE TOURING,14423
15677,GLS,14408
15678,SE,14408
15679,ROYAL EDITION,14409
15680,GLX TOP,14409
15681,GLI,14409
15682,SPORT,14409
15683,SE+,14409
15684,XLI,14409
15685,S+,14409
15686,GLX,14409
15687,TOURING PLUS,14409
15688,GRANDE,14409
15689,RZ,14409
15690,SE,14409
15691,LE,14409
15692,GRANDE LTH,14409
15693,LIMITED,14409
15694,S,14409
15695,EXCLUSIVE,14409
15696,TOURING,14409
15697,BASE,14409
15698,60TH,14409
21572,GL,14409
24670,GL LIMITED,14409
24935,GLX SPORT Z,14409
24012,GLX PREMIUM,14409
15712,LWB HIGH ROOF,14411
15713,SWB,14411
15714,LWB,14411
25956,DLS,14411
25966,DL,14411
25969,DLX,14411
25977,GLX,14411
26505,GL,14411
26836,GLS,14411
15812,XLI,14422
15813,GLI TOP,14422
15814,SE+,14422
15815,GLI TOP LTH,14422
15816,ROYAL Edition,14422
15817,SE,14422
15818,LIMITED TRD AERO PK,14422
15819,XLI TOP,14422
15820,SPORTS BASIC,14422
15821,SE TRD SPORT PK,14422
15822,S,14422
15823,SPORT,14422
15824,LIMITED,14422
15825,PLATINUM,14422
15826,BASE,14422
15827,XLI POWER OPT,14422
15828,XLI MID,14422
15829,EXCLUSIVE,14422
15830,STERLING,14422
15831,SE TRD AERO PK,14422
15832,SE+ TRD SPORT PK,14422
15833,S TRD AERO PK,14422
15834,S TRD SPORT PK,14422
15835,60TH,14422
15836,SPORTS TOP,14422
15837,SE+ TRD AERO PK,14422
15838,LIMITED TRD SPORT PK,14422
24472,GLI,14422
24921,XLI EXECUTIVE,14422
23661,M SPORTS,17880
15784,XLI MID,14419
15785,XLI TOP,14419
15786,STD,14419
15787,BASE,14419
15788,PS PW CL,14419
15862,EXTREME,14428
15863,VXR,14428
15864,BASE,14428
15865,STEALTH,14428
15866,EXR,14428
15867,GXR,14428
15868,STREET,14428
15869,ROADSTER,14428
15870,TRD,14428
15871,TOP,14428
15872,XTREME,14428
19989,TRD,14428
15664,EXR,14406
15665,GXR,14406
15666,EXCLUSIVE,14406
15667,TOP,14406
15668,TRD SPORT,14406
15669,60TH,14406
15670,SPORT,14406
15671,SR5,14406
15765,VXR,14406
27358,VTX,18566
27359,GTX,18566
27360,VT,18566
27361,GT,18566
15782,DX STD,14418
15783,DX H\/R W\/B,14418
25940,DL,14418
25951,GL,14418
25974,GRD,14418
25976,GLX,14418
25984,DLX,14418
25511,STD,14418
24170,GLS,14418
15884,STD,14430
25942,DLS,14430
25961,GLS,14430
25973,DL,14430
26395,TOP,14430
24756,GL,14430
26983,DLX TOP,14430
27012,DLX,14430
23817,GLX,14430
15849,GL,14425
15850,GL TOP,14425
15851,SE+,14425
15852,GLI TOP LEATHER,14425
15853,DX,14425
15854,S,14425
15855,SE,14425
24182,LIMITED,14425
24698,TAXI,14425
15744,VXR MID,14416
15745,VXR TOP 60th ANNIVERSARY,14416
15746,GXR TOP 60th ANNIV. XTREME,14416
15747,GXR MID 60th ANNIVERSARY,14416
15748,VXR BASE,14416
15749,EXR,14416
15750,VXR TOP LTH,14416
15751,SAFARI,14416
15752,VXR TOP XTREME,14416
15753,GXR TOP XTREME,14416
15754,VXR TOP 60th ANNIV. XTREME,14416
15755,GXR TOP 60th ANNIVERSARY,14416
15756,VXR+ ,14416
15757,PREMIUM,14416
15758,GXR TOP FMST,14416
15759,GXR SOD D\/AC AW,14416
15760,GXR TOP DMST,14416
15761,GXR MID,14416
15762,XTREME,14416
15763,60TH,14416
15764,VXR TOP,14416
15766,G,14416
15767,GXR,14416
15768,GXR+,14416
15769,GXR FMST,14416
15770,GXR TOP,14416
15771,GXR MID XTREME,14416
15772,GXR MID 60th ANNIV. XTREME,14416
24239,GX,14416
24313,VXR+,14416
15672,LX WINCH WIDE TYRES,14407
15673,LX AC PWR OPT,14407
15674,LX WINCH,14407
15675,LX WIDE TYRES,14407
15676,STD AC,14407
19956,VXR,14407
19959,EXR,14407
19965,GXR,14407
15790,VX N/AV,14421
15791,VX MID,14421
15792,VX-L N/AVIGATION,14421
15793,TX,14421
15794,TX-L,14421
15795,VX-L TOP P\/C,14421
15796,VX-L,14421
15797,GX TOP,14421
15798,VX TOP,14421
15799,TX-L TOP,14421
15800,GXR,14421
15801,GX MID,14421
15802,VX N/AV TOP,14421
15803,VX,14421
15804,GXL,14421
15805,VX-L TOP,14421
15806,GX,14421
15807,VX-L MID,14421
15808,EXR,14421
15809,VXR,14421
15810,VX TOP LTH,14421
15811,60TH,14421
15857,GL LTH,14427
15858,GL,14427
15859,SE,14427
15860,DLX,14427
15861,S,14427
15715,FABRIC,14412
15716,TOP,14412
15717,PW CL,14412
15718,GXR,14412
15719,VXR,14412
15720,BASE,14412
15721,EXR,14412
15722,TOP LTH,14412
15723,SPORT,14412
15724,MID,14412
15725,LEATHER,14412
15726,EX,14412
15727,GX,14412
21089,VX,14412
21551,EX,21550
15729,LIMITED 4X2,14414
15730,SR5 4X4,14414
15731,PLATINUM LUXURY 4X2,14414
15732,PLATINUM LUXURY 4X4,14414
15733,4x4,14414
15734,LIMITED MID,14414
15735,LIMITED TOP,14414
15736,PLATINUM PREMIUM,14414
15737,EXR,14414
15738,LIMITED 4X4,14414
15739,PLATINUM PREMIUM 4X2,14414
15740,GXR,14414
15741,SR5 4X2,14414
15742,VXR,14414
24177,GTS,17838
24597,STD,17838
24896,S,17838
15856,STD,14426
24702,M SPORT,17944
25113,STD,17837
15728,STD,14413
24956,PRESTIGE,18082
15789,BASE,14420
15699,TOP,14410
15700,SE+,14410
15701,FLEET,14410
15702,SE,14410
15703,SE TRD AERO PK,14410
15704,SE TRD SPORT PK,14410
15705,60TH,14410
15706,MID,14410
15707,S,14410
15708,BASE,14410
15709,SPORT,14410
15710,SE+ TRD AERO PK,14410
15711,SE+ TRD SPORT PK,14410
24592,S+,14410
15846,MID,14424
15847,TOP,14424
15848,SPORT,14424
27457,STD,25372
19870,STD,18637
16014,SE,14444
16015,SEL,14444
16016,S,14444
16017,STD,14444
16073,STD,14453
16052,S,14448
16053,SEL,14448
16054,SE,14448
16055,SPORT,14448
16056,V6,14448
16057,R-LINE,14448
20732,STD,19208
16070,LEATHER,14452
16071,STD,14452
16072,FABRIC,14452
16018,HIGHLINE,14445
16019,GTI PK1,14445
16020,R32,14445
16021,GTI SEL,14445
16022,SEL,14445
16023,GTI SE,14445
16024,S,14445
16025,SEL leather,14445
16026,R PACK 1,14445
16027,R PACK 2,14445
16028,R,14445
16029,GTI  LEATHER,14445
16030,COMFORTLINE,14445
16031,GTI,14445
16032,GTI SE P1 SR,14445
16033,SE,14445
16034,TRENDLINE,14445
16035,GTI PK2,14445
16036,GTI  FABRIC,14445
16037,GTI S,14445
16038,GTI SE P1,14445
16039,R PACK 3,14445
27421,GTI CLUBSPORT,14445
24462,R SEL,14445
16058,TRENDLINE,14449
24847,BASIC,18096
25156,FULL OPTION,18096
16095,COMFORTLINE SE,14457
16096,STD,14457
16097,COMFORTLINE PLUS,14457
16098,SPORTSLINE,14457
16099,TRENDLINE S,14457
16100,TRENDLINE,14457
16101,COMFORTLINE,14457
16102,COMFORTLINE PLUS SEL,14457
25308,S,14457
25309,SE,14457
25310,SEL,14457
24387,STD,23467
24973,HIGHLINE,23467
16040,CC,14446
16041,TRENDLINE,14446
16042,STD,14446
16043,SE,14446
16044,R36,14446
16045,SPORT,14446
16046,S,14446
16047,COMFORTLINE,14446
16048,SEL,14446
16049,HIGHLINE,14446
16050,SPORTSLINE,14446
16068,W12,14451
16069,STD,14451
16081,SPORTSLINE,14455
16082,STD,14455
16083,COMFORTLINE,14455
16084,TRENDLINE,14455
16085,SE,14455
16086,S,14455
16074,SE,14454
16075,R,14454
16076,P1,14454
16077,P2,14454
16078,STD,14454
16079,SPORT,14454
16080,SEL,14454
25927,SEL,25829
25965,SE,25829
25986,S,25829
16087,TRACK & STYLE,14456
16088,SPORT & STYLE,14456
16089,TRACK & FIELD,14456
16090,SEL,14456
16091,TREND & FUN,14456
16092,SE,14456
16093,R-LINE,14456
16094,S,14456
24168,SPORT,14456
16067,R-LINE,14450
16059,S,14450
16060,P2,14450
16061,SEL,14450
16062,P3,14450
16063,STD,14450
16064,SE,14450
16065,SPORT,14450
16066,P1,14450
25368,HIGHLINE,14450
25369,COMFORT LINE,14450
25370,HIGHLINE PLUS,14450
16051,STD,14447
15922,PREMIUM,14436
15923,PRESTIGE,14436
15924,R DESIGN,14436
15925,COMFORT,14436
15926,T5 R DESIGN,14436
16007,PREMIUM,14442
16008,STD,14442
16009,PRESTIGE,14442
16010,T5 PRESTIGE,14442
16011,PRESTIGE RTI,14442
21211,STD 1,19013
25249,STD,19376
15943,STD,14438
15944,PRESTIGE,14438
15945,PRESTIGE SPORTS,14438
15946,S DESIGN,14438
15947,T4,14438
15948,EXECUTIVE,14438
15949,SPORTS,14438
15950,SPORT,14438
15951,COMFORT,14438
15952,PREMIUM,14438
15953,R DESIGN,14438
15954,BUSINESS LINE,14438
15955,T5,14438
15956,CLASSIC,14438
15957,COMFORT SE,14438
15901,R,14434
15902,COMFORT,14434
15903,BUSINESS LINE,14434
15904,SPORT,14434
15905,PREMIUM,14434
15906,SE LUX,14434
15907,T4 CLASSIC,14434
15908,COMFORT SE,14434
15909,PRESTIGE + PD,14434
15910,T4 COMFORT,14434
15911,R DESIGN,14434
15912,POLESTAR,14434
15913,PRESTIGE,14434
15914,SE,14434
15927,PREMIUM,14437
15928,EXECUTIVE,14437
15929,SPORT,14437
15930,T6,14437
15931,TOP,14437
15932,COMFORT,14437
15933,STD,14437
15934,R DESIGN,14437
15935,PRESTIGE,14437
15936,COMFORT SE,14437
15937,EXECUTIVE SE,14437
15938,PREMIUM + RTI\/VENT STS,14437
15939,BUSINESS LINE,14437
15940,CLASSIC,14437
15941,T5  COMFORT SE,14437
15942, SE,14437
24427,INSCRIPTION II,23501
24502,MOMENTUM HIGHLINE,23501
24625,INSCRIPTION HIGHLINE,23501
24665,R DESIGN,23501
25031,MOMENTUM,23501
23601,INSCRIPTION PLUS,23501
23688,INSCRIPTION EXCLUSIVE,23501
23881,MOMENTUM III,23501
23906,MOMENTUM SE N/APPA,23501
15885,SPORT,14431
15886,SPORT SR,14431
15887,SE LUX,14431
15888,R DESIGN,14431
15889,R DESIGN PLUS,14431
15890,PRESTIGE,14431
23679,POLESTAR,14431
16012,PRESTIGE,14443
16013,SE LUX,14443
15891,PREMIUM,14432
15978,POLESTAR,14440
15979,PREMIUM,14440
15980,R-DESIGN,14440
15981,COMFORT,14440
15892,SE,14433
15893,CLASSIC PLUS,14433
15894,T5 COMFORT,14433
15895,T5,14433
15896,COMFORT,14433
15897,T5 CLASSIC,14433
15898,PREMIUM,14433
15899,CLASSIC,14433
15900,COMFORT PLUS,14433
19886,STD,18153
15958,SPORT SR,14439
15959,SPORT B&W,14439
15960,R DESIGN PLUS,14439
15961,SPORT DESIGN,14439
15962,R DESIGN SR,14439
15963,PREMIUM,14439
15964,PREMIUM W\/SR,14439
15965,SPORT PLUS SR,14439
15966,PRESTIGE,14439
15967,PRESTIGE PLUS,14439
15968,R DESIGN SR 20in A\/W,14439
15969,OCEAN RACE,14439
15970,MOMENTUM,14439
15971,COMFORT,14439
15972,R DESIGN,14439
15973,SE LUX,14439
15974,SPORT DESIGN SR CAMERA,14439
15975,SPORT PLUS,14439
15976,PRESTIGE PLUS II,14439
15977,SPORT,14439
24100,INSCRIPTION HIGHLINE,14439
24107,INSCRIPTION,14439
24155,KINETIC,14439
24400,INSCRIPTION SPORT,14439
24865,POLESTAR,14439
25110,MOMENTUM ALPINE,14439
23649,BLACK,14439
23810,SILVER,14439
24018,INSCRIPTION EXCLUSIVE,14439
24044,R DESIGN HIGHLINE,14439
15915,PREMIUM,14435
15916,COMFORT,14435
15917,SE LUX PLUS,14435
15918,SPORT,14435
15919,PRESTIGE,14435
15920,SE,14435
15921,SE LUX,14435
15982,LIMITED EDITION,14441
15983,SPORT 7ST,14441
15984,PRESTIGE,14441
15985,EXECUTIVE SE,14441
15986,EXECUTIVE,14441
15987,MOMENTUM,14441
15988,COMFORT 5ST,14441
15989,COMFORT 7ST,14441
15990,PREMIUM,14441
15991,SE-LUX,14441
15992,MOMENTUM PLUS,14441
15993,INSCRIPTION,14441
15994,R DESIGN 7ST,14441
15995,SPORT 5ST,14441
15996,R DESIGN SE RTI,14441
15997,BUSINESS LINE,14441
15998,PRESTIGE 7ST,14441
15999,R DESIGN,14441
16000,COMFORT,14441
16001,SPORT BLACK & WHITE EDITION,14441
16002,COMFORT SE,14441
16003,R DESIGN 5ST,14441
16004,R DESIGN SE,14441
16005,R DESIGN PLUS,14441
16006,COMFORT SE LUX,14441
24303,EXCELLENCE,14441
24469,MOMENTUM II,14441
24675,INSCRIPTION PREMIUM II,14441
24863,R DESIGN II,14441
23660,R DESIGN I,14441
23752,R DESIGN EXCLUSIVE,14441
23781,INSCRIPTION EXCLUSIVE,14441
23794,INSCRIPTION II,14441
23825,MOMENTUM OFF ROAD,14441
16103,STD,14458
23389,STD,20971
20068,STD,19866
23612,GT,18062
23619,EX,18062
16170,STD,14496
27608,xDrive50i,27558
27609,STD,27559
27610,STD,27560
28076,S,25854
28077,SE,25854
28078,RE-DNAMIC SE,25854
28079,R-DYNAMIC HSE,25854
28080,STD,27561
